"","Year","Week","week_begin_date","County","ILI neg COVID","Diagnosed Flu","New COVID Related","Diagnosed COVID","RSV Related","Diagnosed RSV","Broad Acute Resp","Total ED Visits"
"1",2020,1,2020-01-01,"County1",180,66,65,52,52,22,208,1455
"2",2020,2,2020-01-08,"County1",102,76,44,28,40,24,193,642
"3",2020,3,2020-01-15,"County1",172,42,13,2,8,4,272,1482
"4",2020,4,2020-01-22,"County1",30,15,15,0,1,1,227,1516
"5",2020,5,2020-01-29,"County1",5,1,0,0,1,0,9,708
"6",2020,6,2020-02-05,"County1",28,9,7,5,4,3,214,1464
"7",2020,7,2020-02-12,"County1",159,129,62,3,60,8,297,1446
"8",2020,8,2020-02-19,"County1",56,45,0,0,13,11,185,1540
"9",2020,9,2020-02-26,"County1",158,140,29,0,134,45,202,763
"10",2020,10,2020-03-04,"County1",14,0,0,0,0,0,211,691
"11",2020,11,2020-03-11,"County1",46,11,9,4,6,4,124,545
"12",2020,12,2020-03-18,"County1",121,93,32,3,8,0,142,852
"13",2020,13,2020-03-25,"County1",184,74,35,25,4,3,255,740
"14",2020,14,2020-04-01,"County1",106,97,12,3,0,0,158,1213
"15",2020,15,2020-04-08,"County1",71,70,68,53,47,47,234,1572
"16",2020,16,2020-04-15,"County1",54,44,28,11,32,16,65,801
"17",2020,17,2020-04-22,"County1",200,91,9,8,30,1,264,1451
"18",2020,18,2020-04-29,"County1",10,7,1,1,3,1,141,726
"19",2020,19,2020-05-06,"County1",94,11,11,7,1,1,193,611
"20",2020,20,2020-05-13,"County1",167,162,59,44,111,59,172,937
"21",2020,21,2020-05-20,"County1",119,98,11,1,76,29,300,983
"22",2020,22,2020-05-27,"County1",10,10,9,8,4,4,156,1509
"23",2020,23,2020-06-03,"County1",149,40,17,2,39,37,244,623
"24",2020,24,2020-06-10,"County1",58,30,30,11,1,0,188,875
"25",2020,25,2020-06-17,"County1",23,23,9,4,20,19,234,1592
"26",2020,26,2020-06-24,"County1",167,53,19,16,41,19,207,1118
"27",2020,27,2020-07-01,"County1",108,60,51,21,50,19,296,1547
"28",2020,28,2020-07-08,"County1",17,9,5,2,5,5,164,685
"29",2020,29,2020-07-15,"County1",37,12,5,4,7,0,137,1511
"30",2020,30,2020-07-22,"County1",160,124,18,6,16,8,226,802
"31",2020,31,2020-07-29,"County1",83,82,9,1,1,0,105,1498
"32",2020,32,2020-08-05,"County1",103,3,0,0,3,2,247,963
"33",2020,33,2020-08-12,"County1",13,4,2,1,0,0,297,1092
"34",2020,34,2020-08-19,"County1",59,1,0,0,0,0,95,1117
"35",2020,35,2020-08-26,"County1",120,44,29,20,35,19,240,607
"36",2020,36,2020-09-02,"County1",200,141,43,38,80,66,208,1501
"37",2020,37,2020-09-09,"County1",15,3,0,0,0,0,181,543
"38",2020,38,2020-09-16,"County1",136,113,24,11,112,13,155,518
"39",2020,39,2020-09-23,"County1",142,121,68,49,100,7,186,1255
"40",2020,40,2020-09-30,"County1",101,95,83,45,61,51,190,511
"41",2020,41,2020-10-07,"County1",182,175,96,88,110,64,269,1061
"42",2020,42,2020-10-14,"County1",75,4,2,0,1,0,87,1440
"43",2020,43,2020-10-21,"County1",20,2,2,0,1,1,55,957
"44",2020,44,2020-10-28,"County1",16,11,6,6,3,1,280,902
"45",2020,45,2020-11-04,"County1",93,20,15,2,0,0,112,1430
"46",2020,46,2020-11-11,"County1",198,132,9,4,41,8,245,937
"47",2020,47,2020-11-18,"County1",20,1,0,0,1,1,57,507
"48",2020,48,2020-11-25,"County1",181,173,60,7,135,3,189,1449
"49",2020,49,2020-12-02,"County1",120,54,36,27,22,8,282,1534
"50",2020,50,2020-12-09,"County1",61,30,9,1,21,4,120,1382
"51",2020,51,2020-12-16,"County1",12,2,2,1,1,0,209,1322
"52",2020,52,2020-12-23,"County1",159,28,3,0,8,4,277,662
"53",2020,53,2020-12-30,"County1",177,12,9,3,4,2,229,1077
"54",2021,1,2021-01-01,"County1",133,103,89,77,12,2,173,659
"55",2021,2,2021-01-08,"County1",62,13,0,0,12,12,158,597
"56",2021,3,2021-01-15,"County1",165,105,75,18,65,47,274,805
"57",2021,4,2021-01-22,"County1",29,24,12,6,21,18,148,1121
"58",2021,5,2021-01-29,"County1",55,33,29,17,11,4,186,579
"59",2021,6,2021-02-05,"County1",139,27,18,7,15,13,289,1598
"60",2021,7,2021-02-12,"County1",133,52,23,23,45,8,285,1094
"61",2021,8,2021-02-19,"County1",199,50,12,2,18,4,253,630
"62",2021,9,2021-02-26,"County1",89,39,12,9,39,21,192,1282
"63",2021,10,2021-03-05,"County1",16,3,0,0,0,0,190,1046
"64",2021,11,2021-03-12,"County1",3,1,1,1,1,1,235,1319
"65",2021,12,2021-03-19,"County1",70,0,0,0,0,0,95,882
"66",2021,13,2021-03-26,"County1",117,69,15,6,13,6,209,1590
"67",2021,14,2021-04-02,"County1",191,20,6,0,13,3,209,550
"68",2021,15,2021-04-09,"County1",108,37,6,4,6,6,150,1067
"69",2021,16,2021-04-16,"County1",49,42,41,21,9,4,54,1124
"70",2021,17,2021-04-23,"County1",20,2,1,0,0,0,236,642
"71",2021,18,2021-04-30,"County1",21,3,0,0,2,1,141,1446
"72",2021,19,2021-05-07,"County1",138,54,38,18,39,10,273,953
"73",2021,20,2021-05-14,"County1",132,63,25,19,51,25,135,703
"74",2021,21,2021-05-21,"County1",147,83,51,42,28,0,293,592
"75",2021,22,2021-05-28,"County1",187,88,36,35,51,17,235,1137
"76",2021,23,2021-06-04,"County1",100,24,4,1,5,4,172,1335
"77",2021,24,2021-06-11,"County1",43,15,15,14,11,2,79,632
"78",2021,25,2021-06-18,"County1",80,54,6,4,5,1,136,797
"79",2021,26,2021-06-25,"County1",11,0,0,0,0,0,135,913
"80",2021,27,2021-07-02,"County1",10,9,8,2,1,1,287,527
"81",2021,28,2021-07-09,"County1",59,6,1,1,6,6,170,976
"82",2021,29,2021-07-16,"County1",97,21,14,9,16,4,250,1239
"83",2021,30,2021-07-23,"County1",125,13,6,6,3,3,127,890
"84",2021,31,2021-07-30,"County1",74,44,17,1,29,11,121,1021
"85",2021,32,2021-08-06,"County1",190,78,61,37,29,1,261,1399
"86",2021,33,2021-08-13,"County1",18,17,16,4,14,12,51,576
"87",2021,34,2021-08-20,"County1",42,3,3,0,2,0,135,1508
"88",2021,35,2021-08-27,"County1",72,13,2,0,4,0,254,1236
"89",2021,36,2021-09-03,"County1",27,1,0,0,1,0,138,1485
"90",2021,37,2021-09-10,"County1",75,18,5,2,4,4,80,621
"91",2021,38,2021-09-17,"County1",127,57,10,10,52,26,174,1118
"92",2021,39,2021-09-24,"County1",160,61,21,5,54,43,241,976
"93",2021,40,2021-10-01,"County1",1,1,0,0,1,0,201,1024
"94",2021,41,2021-10-08,"County1",57,44,34,26,22,0,130,680
"95",2021,42,2021-10-15,"County1",63,4,4,4,0,0,167,1391
"96",2021,43,2021-10-22,"County1",45,9,0,0,9,8,76,702
"97",2021,44,2021-10-29,"County1",100,45,40,10,29,1,231,1139
"98",2021,45,2021-11-05,"County1",48,8,8,6,5,5,86,587
"99",2021,46,2021-11-12,"County1",152,14,2,1,7,3,185,1150
"100",2021,47,2021-11-19,"County1",199,100,72,50,97,29,243,729
"101",2021,48,2021-11-26,"County1",10,2,1,0,0,0,173,1066
"102",2021,49,2021-12-03,"County1",95,32,9,8,23,1,252,1110
"103",2021,50,2021-12-10,"County1",148,65,27,7,57,17,241,790
"104",2021,51,2021-12-17,"County1",107,27,4,4,13,13,224,1302
"105",2021,52,2021-12-24,"County1",42,8,0,0,4,4,194,987
"106",2022,1,2022-01-01,"County1",16,4,4,0,2,0,32,776
"107",2022,2,2022-01-08,"County1",144,40,5,3,31,5,161,1142
"108",2022,3,2022-01-15,"County1",135,97,86,21,61,12,168,1110
"109",2022,4,2022-01-22,"County1",189,106,33,24,77,24,259,1400
"110",2022,5,2022-01-29,"County1",74,13,4,0,5,3,290,1374
"111",2022,6,2022-02-05,"County1",27,18,5,3,4,0,245,651
"112",2022,7,2022-02-12,"County1",176,86,7,3,1,0,209,955
"113",2022,8,2022-02-19,"County1",132,9,6,2,2,1,205,1588
"114",2022,9,2022-02-26,"County1",192,78,10,10,32,27,299,1009
"115",2022,10,2022-03-05,"County1",88,79,79,78,15,13,164,1428
"116",2022,11,2022-03-12,"County1",134,43,11,11,11,7,246,940
"117",2022,12,2022-03-19,"County1",45,35,5,1,34,20,223,861
"118",2022,13,2022-03-26,"County1",175,164,92,50,130,27,279,1570
"119",2022,14,2022-04-02,"County1",129,23,3,2,5,2,129,1021
"120",2022,15,2022-04-09,"County1",29,21,12,12,17,16,36,519
"121",2022,16,2022-04-16,"County1",49,21,13,7,1,1,139,1053
"122",2022,17,2022-04-23,"County1",153,56,7,0,14,2,183,1186
"123",2022,18,2022-04-30,"County1",22,10,1,1,5,3,158,1191
"124",2022,19,2022-05-07,"County1",150,43,8,1,34,18,228,852
"125",2022,20,2022-05-14,"County1",3,3,1,0,0,0,33,843
"126",2022,21,2022-05-21,"County1",32,9,3,1,4,2,48,900
"127",2022,22,2022-05-28,"County1",47,8,3,3,7,0,210,725
"128",2022,23,2022-06-04,"County1",12,8,8,7,6,6,151,848
"129",2022,24,2022-06-11,"County1",107,63,18,2,5,5,277,1139
"130",2022,25,2022-06-18,"County1",163,86,77,20,15,13,264,1484
"131",2022,26,2022-06-25,"County1",69,55,48,28,48,3,136,659
"132",2022,27,2022-07-02,"County1",179,148,137,89,11,11,192,1367
"133",2022,28,2022-07-09,"County1",160,5,4,2,0,0,179,563
"134",2022,29,2022-07-16,"County1",76,12,0,0,2,1,93,973
"135",2022,30,2022-07-23,"County1",13,11,6,5,11,6,184,1328
"136",2022,31,2022-07-30,"County1",160,153,16,2,111,13,210,614
"137",2022,32,2022-08-06,"County1",120,106,96,35,100,55,238,1514
"138",2022,33,2022-08-13,"County1",142,89,42,20,35,13,289,1431
"139",2022,34,2022-08-20,"County1",23,12,3,2,10,10,208,629
"140",2022,35,2022-08-27,"County1",86,53,9,3,37,34,224,546
"141",2022,36,2022-09-03,"County1",174,43,15,14,22,8,270,1256
"142",2022,37,2022-09-10,"County1",58,35,26,0,35,28,198,1393
"143",2022,38,2022-09-17,"County1",48,45,6,4,16,16,90,688
"144",2022,39,2022-09-24,"County1",154,142,17,8,120,120,253,547
"145",2022,40,2022-10-01,"County1",84,36,27,5,31,5,269,552
"146",2022,41,2022-10-08,"County1",27,23,3,0,14,12,32,1379
"147",2022,42,2022-10-15,"County1",190,170,72,9,151,21,218,1403
"148",2022,43,2022-10-22,"County1",80,30,18,16,27,27,253,1558
"149",2022,44,2022-10-29,"County1",118,36,0,0,29,27,256,934
"150",2022,45,2022-11-05,"County1",156,38,18,0,14,2,181,1376
"151",2022,46,2022-11-12,"County1",171,113,106,54,99,26,283,1455
"152",2022,47,2022-11-19,"County1",42,36,35,30,28,3,293,1435
"153",2022,48,2022-11-26,"County1",31,6,2,2,1,1,295,677
"154",2022,49,2022-12-03,"County1",64,40,3,1,36,24,99,896
"155",2022,50,2022-12-10,"County1",14,1,1,1,1,0,52,1185
"156",2022,51,2022-12-17,"County1",185,31,31,9,27,16,298,523
"157",2022,52,2022-12-24,"County1",55,18,2,2,16,9,91,1077
"158",2023,1,2023-01-01,"County1",38,11,11,8,4,2,60,1461
"159",2023,2,2023-01-08,"County1",165,20,11,9,12,9,291,990
"160",2023,3,2023-01-15,"County1",8,6,2,0,6,6,285,594
"161",2023,4,2023-01-22,"County1",35,3,1,0,1,0,211,523
"162",2023,5,2023-01-29,"County1",50,28,6,0,17,15,271,1073
"163",2023,6,2023-02-05,"County1",186,2,1,0,2,0,290,1315
"164",2023,7,2023-02-12,"County1",70,46,17,16,6,6,184,591
"165",2023,8,2023-02-19,"County1",125,75,21,12,11,6,251,1365
"166",2023,9,2023-02-26,"County1",107,16,16,13,2,1,205,646
"167",2023,10,2023-03-05,"County1",140,104,41,31,37,32,208,1226
"168",2023,11,2023-03-12,"County1",120,84,8,0,15,9,262,730
"169",2023,12,2023-03-19,"County1",198,90,79,62,56,46,246,597
"170",2023,13,2023-03-26,"County1",175,102,51,13,13,8,253,872
"171",2023,14,2023-04-02,"County1",174,169,44,24,66,25,214,1426
"172",2023,15,2023-04-09,"County1",156,112,86,73,75,45,250,786
"173",2023,16,2023-04-16,"County1",131,130,94,8,77,15,152,760
"174",2023,17,2023-04-23,"County1",25,25,25,20,15,6,182,1322
"175",2023,18,2023-04-30,"County1",196,64,7,5,56,9,231,571
"176",2023,19,2023-05-07,"County1",13,3,0,0,2,0,24,677
"177",2023,20,2023-05-14,"County1",2,1,0,0,1,0,287,684
"178",2023,21,2023-05-21,"County1",147,12,5,5,11,6,291,1154
"179",2023,22,2023-05-28,"County1",152,31,9,3,25,3,299,603
"180",2023,23,2023-06-04,"County1",47,31,8,4,19,9,286,541
"181",2023,24,2023-06-11,"County1",115,20,2,0,0,0,234,1217
"182",2023,25,2023-06-18,"County1",37,32,32,32,26,24,154,630
"183",2023,26,2023-06-25,"County1",49,16,9,4,12,8,211,1377
"184",2023,27,2023-07-02,"County1",8,0,0,0,0,0,135,1201
"185",2023,28,2023-07-09,"County1",197,139,53,36,97,9,224,1089
"186",2023,29,2023-07-16,"County1",37,23,0,0,8,1,187,1117
"187",2023,30,2023-07-23,"County1",154,115,96,14,110,53,161,1251
"188",2023,31,2023-07-30,"County1",83,49,22,16,45,44,284,684
"189",2023,32,2023-08-06,"County1",140,58,5,2,1,0,291,1342
"190",2023,33,2023-08-13,"County1",17,0,0,0,0,0,233,1346
"191",2023,34,2023-08-20,"County1",155,102,63,10,4,3,182,722
"192",2023,35,2023-08-27,"County1",116,87,11,8,75,6,259,962
"193",2023,36,2023-09-03,"County1",184,129,85,62,47,16,234,877
"194",2023,37,2023-09-10,"County1",184,79,10,10,66,55,200,1309
"195",2023,38,2023-09-17,"County1",118,12,12,0,5,5,186,874
"196",2023,39,2023-09-24,"County1",161,135,13,4,42,18,267,1574
"197",2023,40,2023-10-01,"County1",80,39,38,38,4,0,108,588
"198",2023,41,2023-10-08,"County1",91,69,55,19,1,0,168,692
"199",2023,42,2023-10-15,"County1",45,9,6,3,2,2,290,902
"200",2023,43,2023-10-22,"County1",65,44,38,1,16,16,186,954
"201",2023,44,2023-10-29,"County1",32,12,7,0,3,3,284,687
"202",2023,45,2023-11-05,"County1",138,115,2,1,49,31,255,1169
"203",2023,46,2023-11-12,"County1",27,18,15,4,0,0,134,1514
"204",2023,47,2023-11-19,"County1",115,57,55,53,55,41,267,1239
"205",2023,48,2023-11-26,"County1",199,156,27,5,43,11,242,1003
"206",2023,49,2023-12-03,"County1",76,38,23,7,9,1,121,1290
"207",2023,50,2023-12-10,"County1",14,6,2,2,3,1,174,552
"208",2023,51,2023-12-17,"County1",184,118,5,1,31,26,264,688
"209",2023,52,2023-12-24,"County1",94,2,0,0,2,1,194,1497
"210",2024,1,2024-01-01,"County1",199,165,102,30,10,0,293,1057
"211",2024,2,2024-01-08,"County1",114,106,7,2,25,24,150,1061
"212",2024,3,2024-01-15,"County1",165,56,41,23,40,39,248,1470
"213",2024,4,2024-01-22,"County1",1,0,0,0,0,0,24,1317
"214",2024,5,2024-01-29,"County1",169,53,8,2,31,20,261,803
"215",2024,6,2024-02-05,"County1",127,47,42,16,25,3,178,1494
"216",2024,7,2024-02-12,"County1",149,134,68,13,56,38,288,730
"217",2024,8,2024-02-19,"County1",6,5,4,1,0,0,140,1215
"218",2024,9,2024-02-26,"County1",137,85,38,33,49,45,276,1114
"219",2024,10,2024-03-04,"County1",41,29,2,1,18,2,171,919
"220",2024,11,2024-03-11,"County1",159,42,34,31,21,2,265,704
"221",2024,12,2024-03-18,"County1",174,156,73,67,123,87,187,1192
"222",2024,13,2024-03-25,"County1",48,8,3,0,7,0,200,553
"223",2024,14,2024-04-01,"County1",87,41,5,2,8,5,250,1560
"224",2024,15,2024-04-08,"County1",161,117,20,20,30,5,205,624
"225",2024,16,2024-04-15,"County1",20,12,6,1,11,11,126,1323
"226",2024,17,2024-04-22,"County1",161,36,8,3,21,14,272,1023
"227",2024,18,2024-04-29,"County1",64,12,10,0,1,0,218,879
"228",2024,19,2024-05-06,"County1",91,81,33,5,34,5,115,1457
"229",2024,20,2024-05-13,"County1",96,81,18,16,24,18,169,862
"230",2024,21,2024-05-20,"County1",191,33,26,11,16,13,213,1078
"231",2024,22,2024-05-27,"County1",113,96,16,14,65,28,279,983
"232",2024,23,2024-06-03,"County1",165,33,33,6,21,12,274,1084
"233",2024,24,2024-06-10,"County1",10,10,0,0,0,0,85,912
"234",2024,25,2024-06-17,"County1",126,14,2,0,0,0,298,815
"235",2024,26,2024-06-24,"County1",131,69,66,22,17,9,260,1370
"236",2024,27,2024-07-01,"County1",33,2,1,1,1,0,292,1541
"237",2024,28,2024-07-08,"County1",25,5,3,1,4,4,233,1530
"238",2024,29,2024-07-15,"County1",76,8,1,1,4,2,151,940
"239",2024,30,2024-07-22,"County1",169,45,21,11,42,9,274,987
"240",2024,31,2024-07-29,"County1",161,13,0,0,9,3,269,617
"241",2024,32,2024-08-05,"County1",37,14,13,1,4,2,114,886
"242",2024,33,2024-08-12,"County1",169,157,64,48,25,13,248,1086
"243",2024,34,2024-08-19,"County1",179,2,2,0,1,1,267,1293
"244",2024,35,2024-08-26,"County1",157,145,130,39,141,112,298,904
"245",2024,36,2024-09-02,"County1",58,38,35,32,7,6,139,1254
"246",2024,37,2024-09-09,"County1",24,13,6,4,5,2,158,1243
"247",2024,38,2024-09-16,"County1",116,48,14,12,27,1,178,1309
"248",2024,39,2024-09-23,"County1",138,66,19,14,62,38,258,873
"249",2024,40,2024-09-30,"County1",32,14,6,6,9,7,58,1245
"250",2024,41,2024-10-07,"County1",10,5,3,3,5,5,31,780
"251",2024,42,2024-10-14,"County1",184,174,87,71,1,0,298,898
"252",2024,43,2024-10-21,"County1",70,50,25,20,48,7,89,512
"253",2024,44,2024-10-28,"County1",164,24,18,14,10,6,296,1131
"254",2024,45,2024-11-04,"County1",72,68,61,21,68,67,256,1274
"255",2024,46,2024-11-11,"County1",160,81,36,27,73,43,246,1158
"256",2024,47,2024-11-18,"County1",113,41,5,4,26,19,197,1523
"257",2024,48,2024-11-25,"County1",79,45,20,16,28,9,248,795
"258",2024,49,2024-12-02,"County1",36,13,13,5,11,2,288,836
"259",2024,50,2024-12-09,"County1",162,101,53,33,94,2,243,671
"260",2024,51,2024-12-16,"County1",141,126,6,2,109,54,281,1564
"261",2024,52,2024-12-23,"County1",125,27,27,20,25,9,297,580
"262",2025,1,2025-01-01,"County1",167,146,32,29,100,60,229,655
"263",2025,2,2025-01-08,"County1",73,67,41,28,2,2,184,1229
"264",2025,3,2025-01-15,"County1",145,98,49,46,16,16,204,815
"265",2025,4,2025-01-22,"County1",116,70,30,29,22,19,185,927
"266",2025,5,2025-01-29,"County1",115,8,3,2,7,0,295,1430
"267",2025,6,2025-02-05,"County1",118,12,4,1,12,3,254,806
"268",2025,7,2025-02-12,"County1",181,91,43,17,10,8,226,1052
"269",2025,8,2025-02-19,"County1",50,18,5,4,12,7,176,1580
"270",2025,9,2025-02-26,"County1",169,133,49,48,56,35,236,981
"271",2025,10,2025-03-05,"County1",168,37,30,24,6,0,271,925
"272",2025,11,2025-03-12,"County1",8,0,0,0,0,0,141,1025
"273",2025,12,2025-03-19,"County1",58,40,39,28,22,22,63,717
"274",2025,13,2025-03-26,"County1",52,46,22,10,28,19,236,800
"275",2025,14,2025-04-02,"County1",20,7,4,3,2,1,83,1290
"276",2025,15,2025-04-09,"County1",145,60,7,5,19,12,206,1316
"277",2025,16,2025-04-16,"County1",38,33,16,2,0,0,69,1019
"278",2025,17,2025-04-23,"County1",111,71,53,48,62,30,210,1572
"279",2025,18,2025-04-30,"County1",153,70,19,3,10,2,176,1171
"280",2025,19,2025-05-07,"County1",84,30,12,2,30,22,246,558
"281",2025,20,2025-05-14,"County1",130,40,30,11,33,25,272,1495
"282",2025,21,2025-05-21,"County1",175,84,14,14,29,10,242,819
"283",2025,22,2025-05-28,"County1",147,22,17,4,20,17,185,1062
"284",2025,23,2025-06-04,"County1",117,94,39,26,26,15,241,536
"285",2025,24,2025-06-11,"County1",90,32,30,19,9,1,255,544
"286",2025,25,2025-06-18,"County1",167,0,0,0,0,0,239,647
"287",2025,26,2025-06-25,"County1",35,3,2,0,1,1,53,883
"288",2025,27,2025-07-02,"County1",95,37,26,18,5,0,255,1511
"289",2020,1,2020-01-01,"County2",86,53,6,3,45,45,235,872
"290",2020,2,2020-01-08,"County2",126,24,1,0,9,4,204,716
"291",2020,3,2020-01-15,"County2",3,1,0,0,1,0,52,524
"292",2020,4,2020-01-22,"County2",17,1,0,0,1,0,199,557
"293",2020,5,2020-01-29,"County2",171,142,12,10,16,16,237,737
"294",2020,6,2020-02-05,"County2",137,57,28,12,45,28,218,1050
"295",2020,7,2020-02-12,"County2",153,68,42,35,10,5,233,706
"296",2020,8,2020-02-19,"County2",115,111,30,30,83,26,261,1099
"297",2020,9,2020-02-26,"County2",89,33,10,1,19,3,209,1496
"298",2020,10,2020-03-04,"County2",176,117,49,27,54,47,292,975
"299",2020,11,2020-03-11,"County2",97,34,11,3,24,3,169,1558
"300",2020,12,2020-03-18,"County2",166,46,46,22,21,21,241,759
"301",2020,13,2020-03-25,"County2",29,18,12,1,17,3,47,876
"302",2020,14,2020-04-01,"County2",128,7,3,3,7,7,246,993
"303",2020,15,2020-04-08,"County2",55,25,23,16,1,1,280,951
"304",2020,16,2020-04-15,"County2",60,24,3,1,6,3,191,1273
"305",2020,17,2020-04-22,"County2",198,30,15,0,7,7,244,1003
"306",2020,18,2020-04-29,"County2",54,4,0,0,4,4,84,804
"307",2020,19,2020-05-06,"County2",1,1,1,0,1,0,172,1055
"308",2020,20,2020-05-13,"County2",197,189,109,61,16,13,221,532
"309",2020,21,2020-05-20,"County2",178,110,47,25,48,42,183,1520
"310",2020,22,2020-05-27,"County2",115,44,25,19,25,21,120,943
"311",2020,23,2020-06-03,"County2",94,27,18,17,8,7,118,1008
"312",2020,24,2020-06-10,"County2",35,3,3,0,1,0,128,679
"313",2020,25,2020-06-17,"County2",168,77,32,19,4,2,222,1396
"314",2020,26,2020-06-24,"County2",154,85,34,30,56,23,162,1005
"315",2020,27,2020-07-01,"County2",47,37,5,3,7,4,201,1165
"316",2020,28,2020-07-08,"County2",185,178,60,59,93,15,203,671
"317",2020,29,2020-07-15,"County2",81,75,67,29,28,19,280,1006
"318",2020,30,2020-07-22,"County2",93,30,29,10,25,12,248,684
"319",2020,31,2020-07-29,"County2",17,6,5,1,5,0,45,1551
"320",2020,32,2020-08-05,"County2",156,103,49,14,16,1,298,754
"321",2020,33,2020-08-12,"County2",119,1,0,0,1,0,294,1104
"322",2020,34,2020-08-19,"County2",199,150,65,56,137,6,292,1216
"323",2020,35,2020-08-26,"County2",31,10,1,0,4,3,268,1599
"324",2020,36,2020-09-02,"County2",59,53,10,3,15,7,92,523
"325",2020,37,2020-09-09,"County2",35,9,8,3,1,1,180,1170
"326",2020,38,2020-09-16,"County2",104,82,23,8,8,0,173,682
"327",2020,39,2020-09-23,"County2",106,21,18,15,7,4,162,801
"328",2020,40,2020-09-30,"County2",82,35,5,3,34,17,213,1511
"329",2020,41,2020-10-07,"County2",31,7,7,2,0,0,161,1128
"330",2020,42,2020-10-14,"County2",166,41,32,3,23,0,231,630
"331",2020,43,2020-10-21,"County2",122,100,53,41,35,16,236,1006
"332",2020,44,2020-10-28,"County2",10,4,1,1,2,0,150,992
"333",2020,45,2020-11-04,"County2",33,29,21,11,16,13,132,1164
"334",2020,46,2020-11-11,"County2",8,6,6,3,3,2,181,513
"335",2020,47,2020-11-18,"County2",122,52,27,12,25,24,166,1274
"336",2020,48,2020-11-25,"County2",32,2,0,0,0,0,243,809
"337",2020,49,2020-12-02,"County2",126,124,25,16,77,73,143,520
"338",2020,50,2020-12-09,"County2",105,92,85,32,34,16,124,616
"339",2020,51,2020-12-16,"County2",140,70,51,33,6,2,225,739
"340",2020,52,2020-12-23,"County2",191,172,138,123,147,38,284,916
"341",2020,53,2020-12-30,"County2",29,18,0,0,8,1,155,593
"342",2021,1,2021-01-01,"County2",66,39,13,13,20,0,233,1319
"343",2021,2,2021-01-08,"County2",76,30,29,10,5,2,291,578
"344",2021,3,2021-01-15,"County2",78,24,17,8,14,2,206,818
"345",2021,4,2021-01-22,"County2",21,21,15,5,4,2,263,947
"346",2021,5,2021-01-29,"County2",48,12,2,1,6,6,153,1200
"347",2021,6,2021-02-05,"County2",86,60,52,36,14,13,101,1125
"348",2021,7,2021-02-12,"County2",63,48,26,6,14,12,245,1023
"349",2021,8,2021-02-19,"County2",13,9,4,4,0,0,146,696
"350",2021,9,2021-02-26,"County2",64,5,2,1,1,0,119,761
"351",2021,10,2021-03-05,"County2",11,4,2,2,1,1,204,1418
"352",2021,11,2021-03-12,"County2",57,16,2,0,3,0,86,1113
"353",2021,12,2021-03-19,"County2",34,2,0,0,2,0,165,1517
"354",2021,13,2021-03-26,"County2",199,8,8,3,6,4,266,923
"355",2021,14,2021-04-02,"County2",32,4,2,1,0,0,220,1368
"356",2021,15,2021-04-09,"County2",157,54,13,9,8,0,247,626
"357",2021,16,2021-04-16,"County2",66,14,10,9,6,0,104,677
"358",2021,17,2021-04-23,"County2",96,53,4,4,10,6,271,1506
"359",2021,18,2021-04-30,"County2",110,33,4,3,17,7,165,954
"360",2021,19,2021-05-07,"County2",72,8,3,1,5,0,268,999
"361",2021,20,2021-05-14,"County2",153,85,30,12,36,1,158,1494
"362",2021,21,2021-05-21,"County2",146,128,30,19,105,34,177,813
"363",2021,22,2021-05-28,"County2",132,12,6,1,7,5,189,1177
"364",2021,23,2021-06-04,"County2",96,83,6,6,68,2,98,595
"365",2021,24,2021-06-11,"County2",170,76,25,24,41,19,259,1486
"366",2021,25,2021-06-18,"County2",132,95,19,17,84,23,257,912
"367",2021,26,2021-06-25,"County2",86,67,38,30,30,4,93,508
"368",2021,27,2021-07-02,"County2",38,24,9,6,6,6,236,1390
"369",2021,28,2021-07-09,"County2",23,8,7,0,6,1,138,758
"370",2021,29,2021-07-16,"County2",39,21,10,8,6,5,184,538
"371",2021,30,2021-07-23,"County2",43,36,13,13,15,4,180,1183
"372",2021,31,2021-07-30,"County2",107,85,55,24,4,1,111,1076
"373",2021,32,2021-08-06,"County2",80,80,79,28,57,4,137,752
"374",2021,33,2021-08-13,"County2",12,2,0,0,0,0,292,1498
"375",2021,34,2021-08-20,"County2",160,121,103,38,81,57,300,1585
"376",2021,35,2021-08-27,"County2",122,120,114,111,4,2,219,967
"377",2021,36,2021-09-03,"County2",107,12,4,4,8,1,192,973
"378",2021,37,2021-09-10,"County2",160,69,46,38,42,42,210,1101
"379",2021,38,2021-09-17,"County2",114,65,18,18,22,8,139,1323
"380",2021,39,2021-09-24,"County2",7,1,1,0,0,0,163,1100
"381",2021,40,2021-10-01,"County2",64,5,5,3,1,0,228,819
"382",2021,41,2021-10-08,"County2",190,98,94,29,27,27,213,911
"383",2021,42,2021-10-15,"County2",163,43,14,2,41,16,273,1051
"384",2021,43,2021-10-22,"County2",130,48,40,32,2,2,170,1363
"385",2021,44,2021-10-29,"County2",62,7,1,0,7,5,277,618
"386",2021,45,2021-11-05,"County2",65,8,8,0,8,4,294,918
"387",2021,46,2021-11-12,"County2",154,124,94,71,40,16,240,615
"388",2021,47,2021-11-19,"County2",104,45,43,23,19,9,157,858
"389",2021,48,2021-11-26,"County2",26,0,0,0,0,0,235,1048
"390",2021,49,2021-12-03,"County2",122,34,3,0,15,8,173,821
"391",2021,50,2021-12-10,"County2",46,33,9,3,2,1,106,988
"392",2021,51,2021-12-17,"County2",93,34,5,0,31,16,202,1194
"393",2021,52,2021-12-24,"County2",116,75,66,33,17,12,222,548
"394",2022,1,2022-01-01,"County2",74,68,68,36,26,8,260,666
"395",2022,2,2022-01-08,"County2",9,9,1,1,5,0,280,714
"396",2022,3,2022-01-15,"County2",15,5,1,1,1,1,60,1243
"397",2022,4,2022-01-22,"County2",188,118,85,27,31,15,236,552
"398",2022,5,2022-01-29,"County2",35,16,2,1,2,1,120,1135
"399",2022,6,2022-02-05,"County2",96,60,48,45,31,22,254,1150
"400",2022,7,2022-02-12,"County2",148,14,10,7,3,2,292,993
"401",2022,8,2022-02-19,"County2",50,28,8,0,22,3,85,1435
"402",2022,9,2022-02-26,"County2",183,79,15,4,16,8,229,1315
"403",2022,10,2022-03-05,"County2",76,17,4,0,2,1,250,1315
"404",2022,11,2022-03-12,"County2",180,98,21,17,43,13,221,834
"405",2022,12,2022-03-19,"County2",148,127,116,98,96,50,165,758
"406",2022,13,2022-03-26,"County2",87,85,65,24,78,69,124,1055
"407",2022,14,2022-04-02,"County2",94,45,34,18,5,1,230,646
"408",2022,15,2022-04-09,"County2",62,60,30,25,20,5,125,1181
"409",2022,16,2022-04-16,"County2",150,88,36,27,65,40,200,1392
"410",2022,17,2022-04-23,"County2",55,35,20,12,19,8,153,1384
"411",2022,18,2022-04-30,"County2",161,52,2,1,20,0,278,1138
"412",2022,19,2022-05-07,"County2",40,16,0,0,11,9,190,1210
"413",2022,20,2022-05-14,"County2",162,155,89,5,46,9,208,740
"414",2022,21,2022-05-21,"County2",5,2,0,0,2,0,216,1272
"415",2022,22,2022-05-28,"County2",57,23,15,2,19,17,297,547
"416",2022,23,2022-06-04,"County2",55,29,21,19,20,8,141,1225
"417",2022,24,2022-06-11,"County2",195,134,76,39,29,22,237,1456
"418",2022,25,2022-06-18,"County2",126,12,11,5,7,0,243,971
"419",2022,26,2022-06-25,"County2",92,56,12,8,38,20,158,946
"420",2022,27,2022-07-02,"County2",18,4,0,0,2,2,140,644
"421",2022,28,2022-07-09,"County2",199,129,95,57,17,9,245,1241
"422",2022,29,2022-07-16,"County2",25,9,6,6,3,2,235,720
"423",2022,30,2022-07-23,"County2",150,106,50,0,45,26,198,1471
"424",2022,31,2022-07-30,"County2",136,49,44,13,10,5,151,679
"425",2022,32,2022-08-06,"County2",129,31,14,0,13,13,236,1309
"426",2022,33,2022-08-13,"County2",31,10,5,5,4,2,52,1301
"427",2022,34,2022-08-20,"County2",169,68,4,0,32,21,241,715
"428",2022,35,2022-08-27,"County2",70,19,6,5,4,0,94,1477
"429",2022,36,2022-09-03,"County2",42,19,16,14,4,2,135,595
"430",2022,37,2022-09-10,"County2",32,0,0,0,0,0,186,1350
"431",2022,38,2022-09-17,"County2",149,65,12,8,50,4,218,1341
"432",2022,39,2022-09-24,"County2",147,51,10,7,10,8,224,712
"433",2022,40,2022-10-01,"County2",121,68,25,11,57,8,215,533
"434",2022,41,2022-10-08,"County2",102,79,0,0,30,13,244,566
"435",2022,42,2022-10-15,"County2",156,124,66,65,64,38,265,1547
"436",2022,43,2022-10-22,"County2",61,38,37,18,7,0,252,689
"437",2022,44,2022-10-29,"County2",40,13,1,1,2,1,191,1333
"438",2022,45,2022-11-05,"County2",51,21,9,4,2,2,184,1165
"439",2022,46,2022-11-12,"County2",127,103,79,4,54,21,210,1093
"440",2022,47,2022-11-19,"County2",9,2,0,0,1,0,187,1065
"441",2022,48,2022-11-26,"County2",89,53,1,0,10,4,252,903
"442",2022,49,2022-12-03,"County2",52,40,16,12,1,1,174,1010
"443",2022,50,2022-12-10,"County2",10,5,2,1,3,0,208,1324
"444",2022,51,2022-12-17,"County2",195,9,5,5,6,2,242,1223
"445",2022,52,2022-12-24,"County2",116,27,21,3,9,8,173,797
"446",2023,1,2023-01-01,"County2",74,35,3,1,2,2,250,1216
"447",2023,2,2023-01-08,"County2",20,20,7,3,1,1,281,1582
"448",2023,3,2023-01-15,"County2",116,34,9,7,21,15,182,969
"449",2023,4,2023-01-22,"County2",65,5,4,1,1,1,113,1340
"450",2023,5,2023-01-29,"County2",163,107,65,25,99,67,239,902
"451",2023,6,2023-02-05,"County2",52,6,6,3,1,1,196,1515
"452",2023,7,2023-02-12,"County2",79,33,20,12,15,12,237,930
"453",2023,8,2023-02-19,"County2",127,45,42,34,0,0,277,1055
"454",2023,9,2023-02-26,"County2",53,24,22,19,5,3,159,1267
"455",2023,10,2023-03-05,"County2",137,42,11,6,21,17,264,1221
"456",2023,11,2023-03-12,"County2",34,2,1,1,0,0,263,743
"457",2023,12,2023-03-19,"County2",44,0,0,0,0,0,68,712
"458",2023,13,2023-03-26,"County2",6,6,2,1,4,0,237,1294
"459",2023,14,2023-04-02,"County2",175,135,120,72,84,20,202,972
"460",2023,15,2023-04-09,"County2",54,19,11,2,13,1,219,764
"461",2023,16,2023-04-16,"County2",168,99,45,9,11,2,183,1510
"462",2023,17,2023-04-23,"County2",48,23,20,13,16,1,133,1109
"463",2023,18,2023-04-30,"County2",175,157,24,3,55,34,268,751
"464",2023,19,2023-05-07,"County2",105,94,78,2,92,66,231,504
"465",2023,20,2023-05-14,"County2",20,17,5,3,4,0,165,1374
"466",2023,21,2023-05-21,"County2",175,148,123,33,107,24,300,818
"467",2023,22,2023-05-28,"County2",65,21,1,1,7,7,287,1168
"468",2023,23,2023-06-04,"County2",86,30,23,22,12,8,215,915
"469",2023,24,2023-06-11,"County2",8,2,1,1,0,0,115,1543
"470",2023,25,2023-06-18,"County2",91,80,23,22,34,6,297,559
"471",2023,26,2023-06-25,"County2",79,78,26,14,69,14,198,1041
"472",2023,27,2023-07-02,"County2",59,46,9,7,32,25,147,1574
"473",2023,28,2023-07-09,"County2",129,14,7,2,6,0,164,508
"474",2023,29,2023-07-16,"County2",169,139,15,7,101,77,177,1339
"475",2023,30,2023-07-23,"County2",53,18,5,2,10,0,114,1133
"476",2023,31,2023-07-30,"County2",30,9,9,3,2,0,199,1205
"477",2023,32,2023-08-06,"County2",49,19,5,3,2,1,298,947
"478",2023,33,2023-08-13,"County2",26,6,6,1,0,0,200,697
"479",2023,34,2023-08-20,"County2",28,17,10,2,0,0,287,1331
"480",2023,35,2023-08-27,"County2",134,123,54,10,29,20,235,1545
"481",2023,36,2023-09-03,"County2",170,130,63,34,32,8,194,1381
"482",2023,37,2023-09-10,"County2",158,98,31,23,16,4,291,1451
"483",2023,38,2023-09-17,"County2",25,9,9,0,4,1,277,1273
"484",2023,39,2023-09-24,"County2",61,24,21,3,10,2,84,1535
"485",2023,40,2023-10-01,"County2",135,95,43,20,55,20,249,1207
"486",2023,41,2023-10-08,"County2",73,20,11,9,8,3,204,560
"487",2023,42,2023-10-15,"County2",5,4,4,3,3,1,33,1044
"488",2023,43,2023-10-22,"County2",149,88,74,48,25,9,281,1406
"489",2023,44,2023-10-29,"County2",48,1,0,0,0,0,49,1324
"490",2023,45,2023-11-05,"County2",88,80,20,3,50,22,237,634
"491",2023,46,2023-11-12,"County2",164,157,63,38,147,100,245,1117
"492",2023,47,2023-11-19,"County2",175,117,48,47,25,6,254,1375
"493",2023,48,2023-11-26,"County2",177,98,46,14,21,6,180,599
"494",2023,49,2023-12-03,"County2",172,151,60,33,118,59,213,840
"495",2023,50,2023-12-10,"County2",50,11,10,9,9,9,96,766
"496",2023,51,2023-12-17,"County2",65,42,16,1,35,3,122,519
"497",2023,52,2023-12-24,"County2",102,37,4,0,33,25,290,1023
"498",2024,1,2024-01-01,"County2",64,12,8,5,6,6,246,704
"499",2024,2,2024-01-08,"County2",192,144,103,60,1,1,248,853
"500",2024,3,2024-01-15,"County2",179,159,154,65,131,70,291,1422
"501",2024,4,2024-01-22,"County2",183,169,118,8,115,20,223,587
"502",2024,5,2024-01-29,"County2",120,117,0,0,89,67,295,1272
"503",2024,6,2024-02-05,"County2",5,4,1,0,3,1,273,1382
"504",2024,7,2024-02-12,"County2",21,0,0,0,0,0,283,612
"505",2024,8,2024-02-19,"County2",141,107,101,21,33,15,252,561
"506",2024,9,2024-02-26,"County2",177,6,6,0,5,3,249,1492
"507",2024,10,2024-03-04,"County2",184,129,107,42,45,19,204,1018
"508",2024,11,2024-03-11,"County2",26,5,5,3,5,4,101,1217
"509",2024,12,2024-03-18,"County2",133,17,1,1,6,0,147,1548
"510",2024,13,2024-03-25,"County2",139,46,10,8,44,12,299,649
"511",2024,14,2024-04-01,"County2",18,13,13,4,4,4,190,884
"512",2024,15,2024-04-08,"County2",120,94,64,15,1,0,134,1473
"513",2024,16,2024-04-15,"County2",67,64,13,12,2,2,169,734
"514",2024,17,2024-04-22,"County2",191,48,44,32,22,13,274,916
"515",2024,18,2024-04-29,"County2",135,41,31,31,5,5,256,1003
"516",2024,19,2024-05-06,"County2",36,17,8,2,12,10,231,875
"517",2024,20,2024-05-13,"County2",16,4,0,0,4,0,21,741
"518",2024,21,2024-05-20,"County2",128,47,31,4,6,6,133,786
"519",2024,22,2024-05-27,"County2",36,13,4,2,10,10,203,1210
"520",2024,23,2024-06-03,"County2",106,7,1,0,3,0,242,546
"521",2024,24,2024-06-10,"County2",164,72,26,24,22,21,183,1543
"522",2024,25,2024-06-17,"County2",178,42,18,17,14,6,267,888
"523",2024,26,2024-06-24,"County2",37,34,7,4,4,4,140,946
"524",2024,27,2024-07-01,"County2",147,111,4,3,62,48,291,799
"525",2024,28,2024-07-08,"County2",131,60,56,29,19,13,205,1321
"526",2024,29,2024-07-15,"County2",60,46,42,2,24,16,90,1496
"527",2024,30,2024-07-22,"County2",91,85,38,16,22,13,190,942
"528",2024,31,2024-07-29,"County2",56,41,38,9,23,18,124,1406
"529",2024,32,2024-08-05,"County2",136,10,4,4,0,0,208,1525
"530",2024,33,2024-08-12,"County2",1,1,1,0,0,0,64,632
"531",2024,34,2024-08-19,"County2",107,52,27,16,22,14,176,1163
"532",2024,35,2024-08-26,"County2",41,19,6,1,18,12,235,1165
"533",2024,36,2024-09-02,"County2",158,59,22,3,37,16,263,1454
"534",2024,37,2024-09-09,"County2",15,10,7,6,10,9,176,1334
"535",2024,38,2024-09-16,"County2",197,80,51,26,12,7,199,718
"536",2024,39,2024-09-23,"County2",84,36,32,2,2,1,249,1053
"537",2024,40,2024-09-30,"County2",7,0,0,0,0,0,207,1502
"538",2024,41,2024-10-07,"County2",123,1,1,1,0,0,127,505
"539",2024,42,2024-10-14,"County2",155,155,120,115,20,3,253,1266
"540",2024,43,2024-10-21,"County2",93,92,58,55,53,24,185,874
"541",2024,44,2024-10-28,"County2",182,172,123,72,118,41,247,1579
"542",2024,45,2024-11-04,"County2",46,2,0,0,1,0,113,857
"543",2024,46,2024-11-11,"County2",120,21,2,2,19,6,222,1236
"544",2024,47,2024-11-18,"County2",135,62,41,23,8,8,168,1080
"545",2024,48,2024-11-25,"County2",105,30,17,9,13,1,164,582
"546",2024,49,2024-12-02,"County2",93,86,36,2,18,3,95,1096
"547",2024,50,2024-12-09,"County2",136,75,32,2,10,0,273,510
"548",2024,51,2024-12-16,"County2",13,7,1,1,1,0,123,1521
"549",2024,52,2024-12-23,"County2",61,45,13,12,4,4,187,1364
"550",2025,1,2025-01-01,"County2",94,7,5,1,2,1,134,856
"551",2025,2,2025-01-08,"County2",49,2,1,0,2,0,110,1259
"552",2025,3,2025-01-15,"County2",157,93,10,10,15,12,276,1161
"553",2025,4,2025-01-22,"County2",196,54,45,14,34,31,280,1093
"554",2025,5,2025-01-29,"County2",179,61,8,0,15,6,295,1197
"555",2025,6,2025-02-05,"County2",8,4,2,0,4,1,81,1382
"556",2025,7,2025-02-12,"County2",84,48,8,0,15,15,96,620
"557",2025,8,2025-02-19,"County2",146,19,5,0,19,9,148,1130
"558",2025,9,2025-02-26,"County2",140,42,16,15,39,3,256,634
"559",2025,10,2025-03-05,"County2",56,21,17,12,10,1,267,1503
"560",2025,11,2025-03-12,"County2",184,63,42,34,48,12,285,1477
"561",2025,12,2025-03-19,"County2",52,5,4,2,4,2,288,1216
"562",2025,13,2025-03-26,"County2",8,6,2,0,5,5,32,1037
"563",2025,14,2025-04-02,"County2",60,14,0,0,10,9,143,833
"564",2025,15,2025-04-09,"County2",85,38,18,9,32,19,222,1455
"565",2025,16,2025-04-16,"County2",69,67,54,50,52,50,266,719
"566",2025,17,2025-04-23,"County2",30,17,6,1,11,1,193,1414
"567",2025,18,2025-04-30,"County2",171,27,21,20,0,0,184,768
"568",2025,19,2025-05-07,"County2",11,0,0,0,0,0,219,516
"569",2025,20,2025-05-14,"County2",41,25,16,7,0,0,266,1588
"570",2025,21,2025-05-21,"County2",40,26,12,9,15,15,131,1233
"571",2025,22,2025-05-28,"County2",140,47,31,6,24,0,241,1490
"572",2025,23,2025-06-04,"County2",16,8,2,2,1,1,208,1196
"573",2025,24,2025-06-11,"County2",91,78,46,35,17,11,236,1320
"574",2025,25,2025-06-18,"County2",129,11,2,0,5,4,242,1597
"575",2025,26,2025-06-25,"County2",42,8,2,0,4,0,167,1548
"576",2025,27,2025-07-02,"County2",188,81,39,33,36,16,191,984
"577",2020,1,2020-01-01,"County3",61,3,0,0,0,0,178,854
"578",2020,2,2020-01-08,"County3",15,10,3,3,8,5,285,1373
"579",2020,3,2020-01-15,"County3",85,66,19,1,12,12,259,627
"580",2020,4,2020-01-22,"County3",144,116,60,38,84,32,231,991
"581",2020,5,2020-01-29,"County3",52,34,33,14,5,5,197,900
"582",2020,6,2020-02-05,"County3",140,64,59,24,49,0,187,833
"583",2020,7,2020-02-12,"County3",175,54,29,8,43,4,294,959
"584",2020,8,2020-02-19,"County3",89,9,0,0,7,5,179,897
"585",2020,9,2020-02-26,"County3",66,59,13,4,33,26,160,1074
"586",2020,10,2020-03-04,"County3",7,3,1,1,2,2,7,907
"587",2020,11,2020-03-11,"County3",11,4,0,0,0,0,41,1599
"588",2020,12,2020-03-18,"County3",111,4,1,1,4,2,211,1364
"589",2020,13,2020-03-25,"County3",169,0,0,0,0,0,185,1096
"590",2020,14,2020-04-01,"County3",108,7,1,1,1,1,272,1396
"591",2020,15,2020-04-08,"County3",34,18,0,0,5,2,159,827
"592",2020,16,2020-04-15,"County3",199,192,156,145,137,58,211,616
"593",2020,17,2020-04-22,"County3",80,43,40,3,38,33,181,786
"594",2020,18,2020-04-29,"County3",198,80,12,9,26,4,291,1010
"595",2020,19,2020-05-06,"County3",78,34,6,5,5,3,298,856
"596",2020,20,2020-05-13,"County3",157,123,16,5,24,2,300,760
"597",2020,21,2020-05-20,"County3",86,59,29,7,55,12,285,1102
"598",2020,22,2020-05-27,"County3",72,38,32,1,24,14,121,1149
"599",2020,23,2020-06-03,"County3",152,112,36,1,0,0,201,1586
"600",2020,24,2020-06-10,"County3",75,6,3,0,3,3,198,1421
"601",2020,25,2020-06-17,"County3",43,17,3,0,12,9,296,1091
"602",2020,26,2020-06-24,"County3",148,40,25,16,18,17,291,1559
"603",2020,27,2020-07-01,"County3",70,31,3,2,31,9,298,867
"604",2020,28,2020-07-08,"County3",77,14,13,13,8,5,232,915
"605",2020,29,2020-07-15,"County3",172,149,141,87,145,24,246,1098
"606",2020,30,2020-07-22,"County3",36,16,14,14,16,13,215,687
"607",2020,31,2020-07-29,"County3",153,30,9,2,22,14,172,964
"608",2020,32,2020-08-05,"County3",156,95,93,7,57,42,188,1445
"609",2020,33,2020-08-12,"County3",183,163,163,161,73,16,209,898
"610",2020,34,2020-08-19,"County3",137,136,124,71,38,34,207,1382
"611",2020,35,2020-08-26,"County3",14,1,0,0,1,1,209,740
"612",2020,36,2020-09-02,"County3",141,131,21,13,49,11,152,666
"613",2020,37,2020-09-09,"County3",189,117,80,1,91,43,273,1268
"614",2020,38,2020-09-16,"County3",24,13,11,8,9,1,291,1119
"615",2020,39,2020-09-23,"County3",3,0,0,0,0,0,270,804
"616",2020,40,2020-09-30,"County3",37,23,0,0,14,12,229,944
"617",2020,41,2020-10-07,"County3",138,131,98,75,76,71,147,703
"618",2020,42,2020-10-14,"County3",117,95,47,36,6,4,188,1113
"619",2020,43,2020-10-21,"County3",11,4,3,3,0,0,19,1559
"620",2020,44,2020-10-28,"County3",133,84,77,22,52,50,197,1137
"621",2020,45,2020-11-04,"County3",177,175,133,3,19,5,267,1437
"622",2020,46,2020-11-11,"County3",54,53,12,12,47,32,85,866
"623",2020,47,2020-11-18,"County3",117,8,1,0,6,1,264,1355
"624",2020,48,2020-11-25,"County3",97,76,71,26,11,3,118,1000
"625",2020,49,2020-12-02,"County3",117,49,47,42,44,33,179,1156
"626",2020,50,2020-12-09,"County3",52,22,19,9,7,6,215,1486
"627",2020,51,2020-12-16,"County3",89,35,4,1,7,1,107,1316
"628",2020,52,2020-12-23,"County3",198,151,95,15,92,26,264,633
"629",2020,53,2020-12-30,"County3",175,101,80,65,99,51,222,1266
"630",2021,1,2021-01-01,"County3",16,15,0,0,15,6,145,770
"631",2021,2,2021-01-08,"County3",179,136,90,50,121,105,266,851
"632",2021,3,2021-01-15,"County3",86,86,82,63,1,1,180,816
"633",2021,4,2021-01-22,"County3",41,25,2,1,22,10,245,1342
"634",2021,5,2021-01-29,"County3",90,47,28,0,44,35,267,1245
"635",2021,6,2021-02-05,"County3",155,86,7,3,77,19,282,620
"636",2021,7,2021-02-12,"County3",184,26,10,8,4,0,296,834
"637",2021,8,2021-02-19,"County3",44,14,2,0,9,4,241,799
"638",2021,9,2021-02-26,"County3",47,28,26,3,3,0,124,1517
"639",2021,10,2021-03-05,"County3",49,3,1,1,3,2,221,691
"640",2021,11,2021-03-12,"County3",187,129,0,0,96,66,281,802
"641",2021,12,2021-03-19,"County3",111,87,45,34,25,18,266,759
"642",2021,13,2021-03-26,"County3",10,7,5,5,6,6,248,529
"643",2021,14,2021-04-02,"County3",158,22,9,1,0,0,265,621
"644",2021,15,2021-04-09,"County3",125,88,46,15,20,2,192,1305
"645",2021,16,2021-04-16,"County3",60,35,12,7,21,6,68,567
"646",2021,17,2021-04-23,"County3",165,43,3,0,24,21,246,997
"647",2021,18,2021-04-30,"County3",179,85,71,47,78,72,283,620
"648",2021,19,2021-05-07,"County3",174,125,96,74,105,0,218,1124
"649",2021,20,2021-05-14,"County3",164,52,51,9,6,5,189,530
"650",2021,21,2021-05-21,"County3",137,117,69,45,74,54,245,1299
"651",2021,22,2021-05-28,"County3",83,32,10,3,9,4,253,1481
"652",2021,23,2021-06-04,"County3",147,94,94,38,24,5,245,1308
"653",2021,24,2021-06-11,"County3",21,2,1,1,0,0,119,844
"654",2021,25,2021-06-18,"County3",122,72,36,23,50,46,171,918
"655",2021,26,2021-06-25,"County3",142,124,16,6,47,2,290,1559
"656",2021,27,2021-07-02,"County3",155,46,2,0,24,23,185,963
"657",2021,28,2021-07-09,"County3",51,15,9,0,8,6,270,1177
"658",2021,29,2021-07-16,"County3",198,41,39,37,16,6,208,865
"659",2021,30,2021-07-23,"County3",39,39,18,8,33,11,104,1443
"660",2021,31,2021-07-30,"County3",28,16,15,9,11,5,222,929
"661",2021,32,2021-08-06,"County3",8,7,7,3,2,2,201,1394
"662",2021,33,2021-08-13,"County3",111,38,20,3,33,10,151,1080
"663",2021,34,2021-08-20,"County3",75,75,29,8,74,30,275,1128
"664",2021,35,2021-08-27,"County3",189,63,1,1,51,23,258,1465
"665",2021,36,2021-09-03,"County3",66,44,18,13,23,19,153,1320
"666",2021,37,2021-09-10,"County3",18,1,1,1,1,1,259,1501
"667",2021,38,2021-09-17,"County3",171,127,64,14,76,75,261,1368
"668",2021,39,2021-09-24,"County3",73,7,6,4,2,2,174,953
"669",2021,40,2021-10-01,"County3",102,81,30,1,4,0,124,1089
"670",2021,41,2021-10-08,"County3",52,43,31,31,3,0,235,1282
"671",2021,42,2021-10-15,"County3",69,57,47,8,1,0,114,1597
"672",2021,43,2021-10-22,"County3",90,15,2,0,13,2,274,933
"673",2021,44,2021-10-29,"County3",144,69,0,0,66,46,245,935
"674",2021,45,2021-11-05,"County3",34,27,9,6,12,8,111,777
"675",2021,46,2021-11-12,"County3",126,21,1,0,14,11,197,797
"676",2021,47,2021-11-19,"County3",7,0,0,0,0,0,292,1469
"677",2021,48,2021-11-26,"County3",65,59,30,0,36,24,164,693
"678",2021,49,2021-12-03,"County3",151,48,8,3,21,5,216,711
"679",2021,50,2021-12-10,"County3",4,0,0,0,0,0,244,909
"680",2021,51,2021-12-17,"County3",124,106,78,75,100,82,285,666
"681",2021,52,2021-12-24,"County3",13,10,7,1,4,3,148,1103
"682",2022,1,2022-01-01,"County3",120,111,26,6,35,8,263,675
"683",2022,2,2022-01-08,"County3",173,16,8,5,16,0,285,1052
"684",2022,3,2022-01-15,"County3",7,3,3,2,3,3,198,857
"685",2022,4,2022-01-22,"County3",196,16,9,2,8,1,254,862
"686",2022,5,2022-01-29,"County3",167,125,40,24,118,54,190,1036
"687",2022,6,2022-02-05,"County3",140,103,24,24,66,25,293,823
"688",2022,7,2022-02-12,"County3",183,140,79,1,2,0,201,1131
"689",2022,8,2022-02-19,"County3",159,95,54,29,6,4,290,831
"690",2022,9,2022-02-26,"County3",31,8,4,0,0,0,265,844
"691",2022,10,2022-03-05,"County3",180,105,97,24,49,12,209,874
"692",2022,11,2022-03-12,"County3",112,5,5,4,1,1,251,939
"693",2022,12,2022-03-19,"County3",132,104,43,19,82,48,223,1537
"694",2022,13,2022-03-26,"County3",8,1,1,0,1,0,105,636
"695",2022,14,2022-04-02,"County3",27,15,15,2,6,0,126,562
"696",2022,15,2022-04-09,"County3",185,91,91,4,54,30,277,598
"697",2022,16,2022-04-16,"County3",164,81,72,19,44,32,247,727
"698",2022,17,2022-04-23,"County3",107,94,82,60,87,60,170,894
"699",2022,18,2022-04-30,"County3",84,24,11,3,12,7,196,899
"700",2022,19,2022-05-07,"County3",45,9,7,5,4,3,64,1481
"701",2022,20,2022-05-14,"County3",170,44,15,14,0,0,222,951
"702",2022,21,2022-05-21,"County3",17,10,2,2,2,1,104,571
"703",2022,22,2022-05-28,"County3",189,21,7,7,12,7,295,1452
"704",2022,23,2022-06-04,"County3",53,17,17,8,15,12,158,515
"705",2022,24,2022-06-11,"County3",103,26,16,3,1,0,121,668
"706",2022,25,2022-06-18,"County3",166,97,55,45,12,6,201,872
"707",2022,26,2022-06-25,"County3",157,88,75,35,79,41,169,1518
"708",2022,27,2022-07-02,"County3",1,1,0,0,0,0,109,717
"709",2022,28,2022-07-09,"County3",132,53,12,2,21,3,279,1356
"710",2022,29,2022-07-16,"County3",133,91,37,16,54,47,159,701
"711",2022,30,2022-07-23,"County3",81,76,63,11,20,18,243,714
"712",2022,31,2022-07-30,"County3",68,7,2,1,0,0,111,985
"713",2022,32,2022-08-06,"County3",39,32,8,0,4,1,87,869
"714",2022,33,2022-08-13,"County3",197,9,1,0,4,2,249,958
"715",2022,34,2022-08-20,"County3",170,115,0,0,83,68,246,638
"716",2022,35,2022-08-27,"County3",95,14,7,4,0,0,146,1569
"717",2022,36,2022-09-03,"County3",142,3,0,0,1,1,182,1271
"718",2022,37,2022-09-10,"County3",35,32,5,3,27,12,51,1085
"719",2022,38,2022-09-17,"County3",55,38,4,2,13,8,288,931
"720",2022,39,2022-09-24,"County3",6,1,0,0,1,1,17,1141
"721",2022,40,2022-10-01,"County3",85,3,3,0,2,0,119,1191
"722",2022,41,2022-10-08,"County3",111,16,6,0,2,1,134,994
"723",2022,42,2022-10-15,"County3",123,36,22,16,36,16,200,727
"724",2022,43,2022-10-22,"County3",136,15,0,0,12,6,182,1198
"725",2022,44,2022-10-29,"County3",5,1,1,1,0,0,252,913
"726",2022,45,2022-11-05,"County3",169,26,8,1,5,3,248,980
"727",2022,46,2022-11-12,"County3",176,138,32,23,126,95,226,1528
"728",2022,47,2022-11-19,"County3",85,15,0,0,11,9,120,637
"729",2022,48,2022-11-26,"County3",173,68,12,7,22,14,249,927
"730",2022,49,2022-12-03,"County3",159,12,7,2,6,3,241,1216
"731",2022,50,2022-12-10,"County3",136,28,10,6,3,2,196,1154
"732",2022,51,2022-12-17,"County3",196,70,4,4,15,7,220,1178
"733",2022,52,2022-12-24,"County3",155,18,6,1,12,6,157,766
"734",2023,1,2023-01-01,"County3",117,50,49,25,44,16,297,1565
"735",2023,2,2023-01-08,"County3",128,8,1,1,5,0,258,862
"736",2023,3,2023-01-15,"County3",124,113,106,77,30,14,282,1166
"737",2023,4,2023-01-22,"County3",81,29,22,22,10,1,240,1283
"738",2023,5,2023-01-29,"County3",192,85,8,0,63,28,228,1433
"739",2023,6,2023-02-05,"County3",109,96,33,15,75,29,159,1497
"740",2023,7,2023-02-12,"County3",53,36,19,12,11,1,171,814
"741",2023,8,2023-02-19,"County3",100,67,17,7,60,37,173,920
"742",2023,9,2023-02-26,"County3",178,65,39,25,27,8,251,1005
"743",2023,10,2023-03-05,"County3",158,153,6,4,16,4,244,689
"744",2023,11,2023-03-12,"County3",77,45,30,13,41,11,86,1268
"745",2023,12,2023-03-19,"County3",61,47,17,11,33,33,161,1009
"746",2023,13,2023-03-26,"County3",200,63,36,32,49,33,264,546
"747",2023,14,2023-04-02,"County3",106,43,22,2,40,4,110,817
"748",2023,15,2023-04-09,"County3",167,37,20,12,22,18,167,1435
"749",2023,16,2023-04-16,"County3",17,4,1,1,3,1,70,839
"750",2023,17,2023-04-23,"County3",109,23,1,1,10,10,109,1465
"751",2023,18,2023-04-30,"County3",89,2,2,0,2,0,219,854
"752",2023,19,2023-05-07,"County3",60,25,8,6,4,4,72,1393
"753",2023,20,2023-05-14,"County3",186,42,20,7,26,0,234,1406
"754",2023,21,2023-05-21,"County3",135,114,90,89,50,41,293,982
"755",2023,22,2023-05-28,"County3",28,18,18,7,17,12,79,997
"756",2023,23,2023-06-04,"County3",86,17,6,4,17,10,170,1370
"757",2023,24,2023-06-11,"County3",160,83,73,37,9,6,242,1454
"758",2023,25,2023-06-18,"County3",198,118,115,38,20,7,214,1292
"759",2023,26,2023-06-25,"County3",130,119,13,6,62,4,250,1509
"760",2023,27,2023-07-02,"County3",55,42,7,7,8,1,88,1156
"761",2023,28,2023-07-09,"County3",147,15,8,8,2,1,260,1523
"762",2023,29,2023-07-16,"County3",158,121,85,47,38,5,169,1555
"763",2023,30,2023-07-23,"County3",7,6,3,2,0,0,242,1292
"764",2023,31,2023-07-30,"County3",3,2,0,0,1,1,280,901
"765",2023,32,2023-08-06,"County3",182,87,28,11,43,23,215,970
"766",2023,33,2023-08-13,"County3",178,77,11,6,10,7,271,1459
"767",2023,34,2023-08-20,"County3",56,31,26,23,27,14,92,1481
"768",2023,35,2023-08-27,"County3",54,9,7,4,3,0,99,1322
"769",2023,36,2023-09-03,"County3",155,88,0,0,34,25,270,1354
"770",2023,37,2023-09-10,"County3",133,2,1,0,2,0,219,1455
"771",2023,38,2023-09-17,"County3",69,54,12,9,53,32,129,797
"772",2023,39,2023-09-24,"County3",111,27,9,4,18,7,257,771
"773",2023,40,2023-10-01,"County3",99,19,19,6,7,0,159,807
"774",2023,41,2023-10-08,"County3",126,79,78,60,61,18,290,1446
"775",2023,42,2023-10-15,"County3",145,0,0,0,0,0,197,1215
"776",2023,43,2023-10-22,"County3",82,39,15,10,13,9,190,1272
"777",2023,44,2023-10-29,"County3",72,48,32,30,9,7,181,1056
"778",2023,45,2023-11-05,"County3",115,41,20,15,13,13,207,1029
"779",2023,46,2023-11-12,"County3",126,119,60,25,7,6,252,1189
"780",2023,47,2023-11-19,"County3",181,86,70,35,75,1,271,1466
"781",2023,48,2023-11-26,"County3",6,6,2,0,6,4,23,619
"782",2023,49,2023-12-03,"County3",160,29,18,12,11,1,190,700
"783",2023,50,2023-12-10,"County3",117,15,15,2,1,1,227,1157
"784",2023,51,2023-12-17,"County3",171,88,30,30,87,0,259,774
"785",2023,52,2023-12-24,"County3",131,14,10,0,3,2,166,622
"786",2024,1,2024-01-01,"County3",34,6,0,0,5,3,200,879
"787",2024,2,2024-01-08,"County3",49,4,3,0,4,4,55,528
"788",2024,3,2024-01-15,"County3",24,7,6,3,2,1,142,635
"789",2024,4,2024-01-22,"County3",82,53,40,37,25,14,165,1041
"790",2024,5,2024-01-29,"County3",48,44,9,6,40,32,241,1194
"791",2024,6,2024-02-05,"County3",19,7,0,0,1,1,233,865
"792",2024,7,2024-02-12,"County3",181,126,29,8,18,7,257,573
"793",2024,8,2024-02-19,"County3",92,46,29,10,27,10,300,1049
"794",2024,9,2024-02-26,"County3",180,28,19,2,7,6,298,886
"795",2024,10,2024-03-04,"County3",88,51,24,21,19,4,106,847
"796",2024,11,2024-03-11,"County3",8,5,2,1,3,3,46,1264
"797",2024,12,2024-03-18,"County3",109,40,33,0,28,11,248,1004
"798",2024,13,2024-03-25,"County3",141,40,17,16,1,1,222,1359
"799",2024,14,2024-04-01,"County3",79,56,37,7,40,11,102,612
"800",2024,15,2024-04-08,"County3",125,27,21,17,7,7,300,1405
"801",2024,16,2024-04-15,"County3",117,15,14,11,1,0,128,556
"802",2024,17,2024-04-22,"County3",69,37,2,2,26,12,98,1555
"803",2024,18,2024-04-29,"County3",152,123,48,2,63,18,195,1582
"804",2024,19,2024-05-06,"County3",13,6,4,1,6,1,260,717
"805",2024,20,2024-05-13,"County3",166,14,9,9,6,1,235,830
"806",2024,21,2024-05-20,"County3",59,54,38,28,5,4,271,1108
"807",2024,22,2024-05-27,"County3",10,0,0,0,0,0,169,1315
"808",2024,23,2024-06-03,"County3",80,71,49,38,59,14,283,829
"809",2024,24,2024-06-10,"County3",47,6,1,0,6,6,144,1262
"810",2024,25,2024-06-17,"County3",81,69,55,43,1,0,108,1173
"811",2024,26,2024-06-24,"County3",140,124,108,48,95,4,158,909
"812",2024,27,2024-07-01,"County3",190,21,21,19,6,0,244,927
"813",2024,28,2024-07-08,"County3",194,114,88,6,35,33,235,731
"814",2024,29,2024-07-15,"County3",98,24,14,14,1,1,229,1000
"815",2024,30,2024-07-22,"County3",173,71,24,19,42,6,232,813
"816",2024,31,2024-07-29,"County3",132,108,84,42,62,59,217,682
"817",2024,32,2024-08-05,"County3",172,99,11,0,20,5,258,1054
"818",2024,33,2024-08-12,"County3",11,7,5,5,4,4,295,625
"819",2024,34,2024-08-19,"County3",38,10,7,6,5,3,240,823
"820",2024,35,2024-08-26,"County3",157,64,37,25,5,2,293,1366
"821",2024,36,2024-09-02,"County3",13,6,4,0,6,0,14,1354
"822",2024,37,2024-09-09,"County3",58,27,9,3,8,7,127,655
"823",2024,38,2024-09-16,"County3",142,76,32,23,41,34,204,732
"824",2024,39,2024-09-23,"County3",116,9,7,4,4,2,132,729
"825",2024,40,2024-09-30,"County3",68,9,3,0,6,3,125,835
"826",2024,41,2024-10-07,"County3",50,20,0,0,17,4,137,710
"827",2024,42,2024-10-14,"County3",2,1,1,1,1,0,22,1545
"828",2024,43,2024-10-21,"County3",35,11,7,5,5,3,287,1081
"829",2024,44,2024-10-28,"County3",13,1,1,1,0,0,138,715
"830",2024,45,2024-11-04,"County3",54,6,1,0,5,2,98,960
"831",2024,46,2024-11-11,"County3",187,57,9,0,25,1,237,579
"832",2024,47,2024-11-18,"County3",164,111,89,59,91,47,170,1490
"833",2024,48,2024-11-25,"County3",15,3,0,0,1,0,228,1522
"834",2024,49,2024-12-02,"County3",68,39,18,2,13,13,89,580
"835",2024,50,2024-12-09,"County3",199,131,87,84,29,17,258,747
"836",2024,51,2024-12-16,"County3",167,7,2,1,0,0,244,569
"837",2024,52,2024-12-23,"County3",52,7,7,5,6,0,136,921
"838",2025,1,2025-01-01,"County3",190,71,50,6,43,41,251,1181
"839",2025,2,2025-01-08,"County3",38,20,6,1,10,0,131,582
"840",2025,3,2025-01-15,"County3",30,9,4,4,2,2,273,920
"841",2025,4,2025-01-22,"County3",123,21,13,1,2,1,220,1118
"842",2025,5,2025-01-29,"County3",98,45,25,13,34,0,254,1003
"843",2025,6,2025-02-05,"County3",150,41,15,15,0,0,232,719
"844",2025,7,2025-02-12,"County3",35,19,2,2,13,10,199,1319
"845",2025,8,2025-02-19,"County3",140,24,0,0,16,3,267,879
"846",2025,9,2025-02-26,"County3",113,21,19,0,17,17,128,1058
"847",2025,10,2025-03-05,"County3",191,59,8,2,1,0,264,528
"848",2025,11,2025-03-12,"County3",27,2,0,0,1,0,258,1024
"849",2025,12,2025-03-19,"County3",117,114,38,11,74,50,189,564
"850",2025,13,2025-03-26,"County3",53,7,3,3,2,2,135,885
"851",2025,14,2025-04-02,"County3",48,5,2,0,0,0,66,644
"852",2025,15,2025-04-09,"County3",84,16,15,5,13,6,144,866
"853",2025,16,2025-04-16,"County3",125,29,11,2,8,4,226,1166
"854",2025,17,2025-04-23,"County3",70,32,6,6,27,1,284,1046
"855",2025,18,2025-04-30,"County3",167,105,32,19,1,0,257,1322
"856",2025,19,2025-05-07,"County3",121,105,23,0,102,59,172,1178
"857",2025,20,2025-05-14,"County3",42,1,1,0,0,0,278,1363
"858",2025,21,2025-05-21,"County3",8,7,1,1,0,0,39,1139
"859",2025,22,2025-05-28,"County3",28,27,20,1,25,9,84,1106
"860",2025,23,2025-06-04,"County3",192,117,107,25,112,94,214,1121
"861",2025,24,2025-06-11,"County3",66,21,5,1,11,0,235,1541
"862",2025,25,2025-06-18,"County3",163,26,24,16,9,4,250,1271
"863",2025,26,2025-06-25,"County3",79,37,17,9,14,2,196,773
"864",2025,27,2025-07-02,"County3",26,3,2,0,2,2,40,1029
"865",2020,1,2020-01-01,"County4",200,31,15,11,2,0,251,1570
"866",2020,2,2020-01-08,"County4",54,47,13,10,9,2,75,1467
"867",2020,3,2020-01-15,"County4",51,51,49,31,15,8,61,1091
"868",2020,4,2020-01-22,"County4",142,112,99,65,34,28,266,789
"869",2020,5,2020-01-29,"County4",104,54,41,3,46,0,277,1019
"870",2020,6,2020-02-05,"County4",152,123,99,3,86,38,290,596
"871",2020,7,2020-02-12,"County4",78,14,2,0,10,3,156,854
"872",2020,8,2020-02-19,"County4",98,67,49,0,45,32,100,1579
"873",2020,9,2020-02-26,"County4",61,49,7,6,47,29,137,500
"874",2020,10,2020-03-04,"County4",144,46,28,17,31,21,184,925
"875",2020,11,2020-03-11,"County4",24,1,0,0,0,0,244,1435
"876",2020,12,2020-03-18,"County4",104,5,0,0,3,3,276,623
"877",2020,13,2020-03-25,"County4",71,40,40,24,2,0,201,666
"878",2020,14,2020-04-01,"County4",157,118,44,40,117,28,292,1215
"879",2020,15,2020-04-08,"County4",147,116,53,19,38,32,213,539
"880",2020,16,2020-04-15,"County4",70,31,2,0,11,2,282,841
"881",2020,17,2020-04-22,"County4",175,161,87,6,118,69,229,867
"882",2020,18,2020-04-29,"County4",107,15,10,10,2,1,226,1317
"883",2020,19,2020-05-06,"County4",72,5,2,1,2,0,175,970
"884",2020,20,2020-05-13,"County4",200,177,73,40,22,9,248,1396
"885",2020,21,2020-05-20,"County4",117,49,49,12,5,4,212,1175
"886",2020,22,2020-05-27,"County4",139,16,13,10,9,4,274,1158
"887",2020,23,2020-06-03,"County4",4,0,0,0,0,0,290,1474
"888",2020,24,2020-06-10,"County4",79,39,24,19,39,16,113,876
"889",2020,25,2020-06-17,"County4",20,8,7,3,2,1,281,1358
"890",2020,26,2020-06-24,"County4",20,1,1,1,1,1,94,1166
"891",2020,27,2020-07-01,"County4",89,27,4,2,6,2,156,1244
"892",2020,28,2020-07-08,"County4",153,104,11,0,31,9,262,1509
"893",2020,29,2020-07-15,"County4",165,120,20,8,7,0,169,738
"894",2020,30,2020-07-22,"County4",141,103,80,7,28,11,257,622
"895",2020,31,2020-07-29,"County4",94,20,17,15,0,0,124,1408
"896",2020,32,2020-08-05,"County4",194,81,17,11,40,9,242,845
"897",2020,33,2020-08-12,"County4",63,8,1,0,0,0,261,602
"898",2020,34,2020-08-19,"County4",138,69,61,53,38,16,178,910
"899",2020,35,2020-08-26,"County4",170,162,3,2,95,87,220,897
"900",2020,36,2020-09-02,"County4",86,37,13,2,29,18,92,1390
"901",2020,37,2020-09-09,"County4",46,42,28,11,12,0,56,1119
"902",2020,38,2020-09-16,"County4",164,65,19,0,42,34,187,1563
"903",2020,39,2020-09-23,"County4",111,101,50,41,8,7,257,828
"904",2020,40,2020-09-30,"County4",19,14,4,0,8,2,270,851
"905",2020,41,2020-10-07,"County4",93,38,4,1,30,24,115,506
"906",2020,42,2020-10-14,"County4",162,78,24,18,19,7,188,1338
"907",2020,43,2020-10-21,"County4",175,23,2,2,20,20,269,1501
"908",2020,44,2020-10-28,"County4",104,60,34,16,34,1,129,991
"909",2020,45,2020-11-04,"County4",70,57,23,10,39,37,263,979
"910",2020,46,2020-11-11,"County4",126,75,39,15,7,6,141,910
"911",2020,47,2020-11-18,"County4",51,38,33,13,20,0,114,863
"912",2020,48,2020-11-25,"County4",164,41,11,10,2,1,285,1518
"913",2020,49,2020-12-02,"County4",118,85,82,16,75,40,268,718
"914",2020,50,2020-12-09,"County4",61,43,24,11,26,26,268,537
"915",2020,51,2020-12-16,"County4",59,51,17,0,14,1,147,651
"916",2020,52,2020-12-23,"County4",61,31,17,5,5,4,162,884
"917",2020,53,2020-12-30,"County4",157,40,4,1,17,17,296,1467
"918",2021,1,2021-01-01,"County4",192,154,69,48,49,1,221,863
"919",2021,2,2021-01-08,"County4",169,105,5,2,87,4,182,1087
"920",2021,3,2021-01-15,"County4",195,131,34,31,58,48,299,1086
"921",2021,4,2021-01-22,"County4",185,163,32,1,1,1,235,1118
"922",2021,5,2021-01-29,"County4",147,32,20,5,26,20,247,1420
"923",2021,6,2021-02-05,"County4",172,167,34,33,41,18,290,1060
"924",2021,7,2021-02-12,"County4",46,10,8,6,1,1,247,665
"925",2021,8,2021-02-19,"County4",45,6,5,3,2,0,150,662
"926",2021,9,2021-02-26,"County4",23,11,1,0,10,4,205,999
"927",2021,10,2021-03-05,"County4",46,30,5,5,28,13,46,1497
"928",2021,11,2021-03-12,"County4",111,105,39,27,35,29,218,701
"929",2021,12,2021-03-19,"County4",169,161,74,14,24,1,188,1217
"930",2021,13,2021-03-26,"County4",164,44,38,30,26,22,167,635
"931",2021,14,2021-04-02,"County4",120,97,13,7,27,26,183,1550
"932",2021,15,2021-04-09,"County4",141,30,12,11,5,2,253,1139
"933",2021,16,2021-04-16,"County4",151,59,25,17,20,2,161,1285
"934",2021,17,2021-04-23,"County4",176,110,75,70,97,95,199,1280
"935",2021,18,2021-04-30,"County4",59,5,1,0,5,2,67,703
"936",2021,19,2021-05-07,"County4",39,12,1,1,1,0,163,829
"937",2021,20,2021-05-14,"County4",53,30,24,9,28,3,87,1064
"938",2021,21,2021-05-21,"County4",64,54,12,3,21,0,127,1014
"939",2021,22,2021-05-28,"County4",108,62,6,3,58,38,206,1050
"940",2021,23,2021-06-04,"County4",127,104,45,27,80,70,153,792
"941",2021,24,2021-06-11,"County4",194,3,2,0,0,0,197,1584
"942",2021,25,2021-06-18,"County4",81,37,20,13,17,7,176,526
"943",2021,26,2021-06-25,"County4",150,18,12,5,7,2,173,1000
"944",2021,27,2021-07-02,"County4",21,18,13,13,14,1,225,776
"945",2021,28,2021-07-09,"County4",23,13,8,2,3,0,96,1250
"946",2021,29,2021-07-16,"County4",92,12,2,0,0,0,296,1053
"947",2021,30,2021-07-23,"County4",111,107,1,1,102,6,115,1469
"948",2021,31,2021-07-30,"County4",196,69,18,4,31,21,196,1005
"949",2021,32,2021-08-06,"County4",127,44,18,4,12,8,183,805
"950",2021,33,2021-08-13,"County4",39,6,3,2,1,1,199,881
"951",2021,34,2021-08-20,"County4",9,9,2,2,2,2,60,685
"952",2021,35,2021-08-27,"County4",155,134,64,20,133,105,180,1222
"953",2021,36,2021-09-03,"County4",24,11,9,0,1,1,270,812
"954",2021,37,2021-09-10,"County4",29,9,2,1,3,3,137,871
"955",2021,38,2021-09-17,"County4",137,106,95,70,89,55,207,1358
"956",2021,39,2021-09-24,"County4",90,6,4,4,0,0,242,1242
"957",2021,40,2021-10-01,"County4",12,12,11,5,3,1,278,1549
"958",2021,41,2021-10-08,"County4",52,38,12,5,37,11,192,1568
"959",2021,42,2021-10-15,"County4",45,38,34,0,1,1,290,827
"960",2021,43,2021-10-22,"County4",40,7,1,1,7,7,86,1071
"961",2021,44,2021-10-29,"County4",78,2,2,0,2,0,182,950
"962",2021,45,2021-11-05,"County4",181,46,2,0,4,4,267,837
"963",2021,46,2021-11-12,"County4",77,68,40,11,37,22,195,875
"964",2021,47,2021-11-19,"County4",195,17,13,5,13,4,201,820
"965",2021,48,2021-11-26,"County4",171,83,23,13,83,45,281,508
"966",2021,49,2021-12-03,"County4",178,62,33,33,50,4,294,892
"967",2021,50,2021-12-10,"County4",175,130,51,38,26,9,300,1206
"968",2021,51,2021-12-17,"County4",2,2,1,0,2,1,201,571
"969",2021,52,2021-12-24,"County4",43,29,26,17,6,2,148,764
"970",2022,1,2022-01-01,"County4",196,147,22,6,68,10,242,763
"971",2022,2,2022-01-08,"County4",61,48,19,19,39,21,193,710
"972",2022,3,2022-01-15,"County4",36,1,0,0,1,1,122,1497
"973",2022,4,2022-01-22,"County4",156,17,0,0,13,9,234,1055
"974",2022,5,2022-01-29,"County4",151,125,28,15,63,44,214,775
"975",2022,6,2022-02-05,"County4",96,54,32,18,48,35,230,683
"976",2022,7,2022-02-12,"County4",196,192,6,4,106,27,280,589
"977",2022,8,2022-02-19,"County4",156,117,88,34,46,30,229,1314
"978",2022,9,2022-02-26,"County4",9,8,3,3,4,4,42,715
"979",2022,10,2022-03-05,"County4",88,82,5,3,3,0,224,727
"980",2022,11,2022-03-12,"County4",29,19,2,2,12,0,266,698
"981",2022,12,2022-03-19,"County4",3,2,1,1,1,0,238,573
"982",2022,13,2022-03-26,"County4",122,78,49,32,63,48,229,1263
"983",2022,14,2022-04-02,"County4",170,74,41,11,74,27,209,889
"984",2022,15,2022-04-09,"County4",20,20,6,5,15,13,23,1181
"985",2022,16,2022-04-16,"County4",50,2,1,0,0,0,293,837
"986",2022,17,2022-04-23,"County4",101,44,13,7,39,39,135,678
"987",2022,18,2022-04-30,"County4",83,35,32,3,23,1,224,755
"988",2022,19,2022-05-07,"County4",17,5,2,2,5,1,63,1216
"989",2022,20,2022-05-14,"County4",82,32,31,17,9,1,288,1212
"990",2022,21,2022-05-21,"County4",36,17,15,1,10,9,241,1517
"991",2022,22,2022-05-28,"County4",19,8,8,7,6,6,118,750
"992",2022,23,2022-06-04,"County4",180,45,34,8,26,14,191,1143
"993",2022,24,2022-06-11,"County4",124,92,0,0,48,34,229,1522
"994",2022,25,2022-06-18,"County4",87,52,45,7,6,1,263,1249
"995",2022,26,2022-06-25,"County4",20,2,1,1,1,0,244,888
"996",2022,27,2022-07-02,"County4",114,28,11,10,0,0,140,1382
"997",2022,28,2022-07-09,"County4",167,53,29,12,52,31,185,1385
"998",2022,29,2022-07-16,"County4",184,126,0,0,49,32,242,1501
"999",2022,30,2022-07-23,"County4",134,2,1,1,2,2,256,1068
"1000",2022,31,2022-07-30,"County4",40,9,5,2,5,2,229,564
"1001",2022,32,2022-08-06,"County4",69,16,9,4,9,8,221,1362
"1002",2022,33,2022-08-13,"County4",140,78,0,0,7,4,190,1151
"1003",2022,34,2022-08-20,"County4",102,55,45,21,55,6,154,1557
"1004",2022,35,2022-08-27,"County4",192,115,36,26,69,17,203,1402
"1005",2022,36,2022-09-03,"County4",32,18,17,11,2,2,90,596
"1006",2022,37,2022-09-10,"County4",172,49,0,0,24,3,197,1489
"1007",2022,38,2022-09-17,"County4",24,24,4,1,16,2,194,1063
"1008",2022,39,2022-09-24,"County4",33,6,0,0,3,0,153,1551
"1009",2022,40,2022-10-01,"County4",172,25,4,3,22,10,268,800
"1010",2022,41,2022-10-08,"County4",41,27,24,8,13,2,130,714
"1011",2022,42,2022-10-15,"County4",82,38,30,22,30,16,211,551
"1012",2022,43,2022-10-22,"County4",114,93,79,32,51,51,259,1474
"1013",2022,44,2022-10-29,"County4",16,4,0,0,2,1,58,1359
"1014",2022,45,2022-11-05,"County4",74,45,14,6,38,15,178,1587
"1015",2022,46,2022-11-12,"County4",187,48,4,2,38,3,275,1089
"1016",2022,47,2022-11-19,"County4",75,33,23,21,17,17,83,1379
"1017",2022,48,2022-11-26,"County4",28,0,0,0,0,0,176,1457
"1018",2022,49,2022-12-03,"County4",185,55,21,9,4,4,257,1476
"1019",2022,50,2022-12-10,"County4",39,35,34,32,9,0,101,1180
"1020",2022,51,2022-12-17,"County4",160,29,2,0,21,11,212,1416
"1021",2022,52,2022-12-24,"County4",14,8,8,2,4,1,251,898
"1022",2023,1,2023-01-01,"County4",36,17,0,0,4,0,203,1364
"1023",2023,2,2023-01-08,"County4",103,86,35,18,43,18,214,1211
"1024",2023,3,2023-01-15,"County4",81,5,0,0,1,1,205,1338
"1025",2023,4,2023-01-22,"County4",151,121,81,3,39,21,218,592
"1026",2023,5,2023-01-29,"County4",187,144,53,52,26,22,235,1079
"1027",2023,6,2023-02-05,"County4",84,66,54,26,57,14,257,856
"1028",2023,7,2023-02-12,"County4",138,62,1,0,12,7,157,1184
"1029",2023,8,2023-02-19,"County4",162,99,17,15,55,32,162,1490
"1030",2023,9,2023-02-26,"County4",175,147,40,17,95,33,295,591
"1031",2023,10,2023-03-05,"County4",71,48,3,1,5,3,86,992
"1032",2023,11,2023-03-12,"County4",137,55,34,21,12,11,271,1307
"1033",2023,12,2023-03-19,"County4",171,46,43,31,33,32,300,1113
"1034",2023,13,2023-03-26,"County4",127,47,36,13,24,10,136,1008
"1035",2023,14,2023-04-02,"County4",125,75,20,9,31,19,290,758
"1036",2023,15,2023-04-09,"County4",152,129,30,21,78,12,175,722
"1037",2023,16,2023-04-16,"County4",5,5,5,0,2,0,140,1488
"1038",2023,17,2023-04-23,"County4",102,32,16,15,28,5,199,920
"1039",2023,18,2023-04-30,"County4",143,1,1,1,0,0,189,708
"1040",2023,19,2023-05-07,"County4",119,88,70,41,8,3,204,783
"1041",2023,20,2023-05-14,"County4",9,9,8,0,7,6,49,557
"1042",2023,21,2023-05-21,"County4",28,17,13,7,9,3,65,754
"1043",2023,22,2023-05-28,"County4",81,56,22,18,53,6,194,664
"1044",2023,23,2023-06-04,"County4",19,16,4,0,8,4,118,741
"1045",2023,24,2023-06-11,"County4",14,1,0,0,0,0,180,1203
"1046",2023,25,2023-06-18,"County4",19,11,10,0,3,3,260,629
"1047",2023,26,2023-06-25,"County4",102,77,39,19,25,9,173,929
"1048",2023,27,2023-07-02,"County4",135,16,7,6,8,5,143,1374
"1049",2023,28,2023-07-09,"County4",200,160,25,21,83,71,297,1576
"1050",2023,29,2023-07-16,"County4",26,2,2,1,1,0,270,1049
"1051",2023,30,2023-07-23,"County4",20,3,3,3,1,0,279,1059
"1052",2023,31,2023-07-30,"County4",196,176,22,4,140,89,257,915
"1053",2023,32,2023-08-06,"County4",179,124,71,23,76,17,196,971
"1054",2023,33,2023-08-13,"County4",53,30,26,18,18,4,54,912
"1055",2023,34,2023-08-20,"County4",20,16,14,2,4,3,105,1135
"1056",2023,35,2023-08-27,"County4",166,65,61,25,49,13,224,966
"1057",2023,36,2023-09-03,"County4",15,15,4,0,5,5,32,586
"1058",2023,37,2023-09-10,"County4",64,55,54,19,7,3,263,1582
"1059",2023,38,2023-09-17,"County4",163,103,45,25,0,0,225,1366
"1060",2023,39,2023-09-24,"County4",168,108,2,0,55,55,239,1424
"1061",2023,40,2023-10-01,"County4",12,10,1,1,10,1,145,552
"1062",2023,41,2023-10-08,"County4",199,15,14,6,12,7,291,1128
"1063",2023,42,2023-10-15,"County4",24,21,19,17,12,11,46,645
"1064",2023,43,2023-10-22,"County4",159,11,4,4,0,0,254,1507
"1065",2023,44,2023-10-29,"County4",174,71,23,19,49,19,277,1208
"1066",2023,45,2023-11-05,"County4",155,69,57,56,54,19,268,1266
"1067",2023,46,2023-11-12,"County4",68,10,7,7,8,4,282,1427
"1068",2023,47,2023-11-19,"County4",166,26,0,0,21,16,243,1290
"1069",2023,48,2023-11-26,"County4",64,40,32,29,25,21,263,1554
"1070",2023,49,2023-12-03,"County4",18,3,0,0,1,1,119,652
"1071",2023,50,2023-12-10,"County4",127,96,6,2,55,41,198,1203
"1072",2023,51,2023-12-17,"County4",102,86,46,37,77,10,229,1083
"1073",2023,52,2023-12-24,"County4",187,155,83,27,112,112,221,1001
"1074",2024,1,2024-01-01,"County4",56,10,8,1,2,2,141,1318
"1075",2024,2,2024-01-08,"County4",126,70,56,9,31,21,268,1099
"1076",2024,3,2024-01-15,"County4",93,22,4,3,15,8,166,1250
"1077",2024,4,2024-01-22,"County4",165,73,63,6,22,0,254,1436
"1078",2024,5,2024-01-29,"County4",42,27,6,4,8,1,247,1250
"1079",2024,6,2024-02-05,"County4",11,9,3,0,3,0,41,1600
"1080",2024,7,2024-02-12,"County4",65,29,10,2,11,8,158,560
"1081",2024,8,2024-02-19,"County4",84,37,20,15,0,0,125,1540
"1082",2024,9,2024-02-26,"County4",97,96,56,15,82,57,274,1371
"1083",2024,10,2024-03-04,"County4",166,55,42,2,17,11,193,861
"1084",2024,11,2024-03-11,"County4",62,56,19,9,3,1,251,544
"1085",2024,12,2024-03-18,"County4",93,69,38,9,18,11,196,945
"1086",2024,13,2024-03-25,"County4",97,79,49,3,5,5,289,1441
"1087",2024,14,2024-04-01,"County4",118,35,14,6,20,9,201,959
"1088",2024,15,2024-04-08,"County4",21,9,7,3,5,2,54,726
"1089",2024,16,2024-04-15,"County4",53,47,4,1,26,23,108,1595
"1090",2024,17,2024-04-22,"County4",44,9,0,0,4,4,146,835
"1091",2024,18,2024-04-29,"County4",117,96,8,7,85,69,285,1050
"1092",2024,19,2024-05-06,"County4",173,72,64,36,50,46,189,815
"1093",2024,20,2024-05-13,"County4",50,44,31,2,19,17,250,662
"1094",2024,21,2024-05-20,"County4",8,4,1,0,4,0,150,686
"1095",2024,22,2024-05-27,"County4",130,98,0,0,65,60,266,1531
"1096",2024,23,2024-06-03,"County4",35,16,12,12,11,2,260,1423
"1097",2024,24,2024-06-10,"County4",24,8,2,1,1,0,106,966
"1098",2024,25,2024-06-17,"County4",75,20,7,6,7,0,108,869
"1099",2024,26,2024-06-24,"County4",58,22,6,4,7,6,178,639
"1100",2024,27,2024-07-01,"County4",113,102,38,4,62,9,300,1189
"1101",2024,28,2024-07-08,"County4",26,5,5,4,2,2,155,1307
"1102",2024,29,2024-07-15,"County4",80,67,10,3,41,26,290,933
"1103",2024,30,2024-07-22,"County4",86,60,18,14,50,42,269,899
"1104",2024,31,2024-07-29,"County4",174,163,54,11,48,46,247,1580
"1105",2024,32,2024-08-05,"County4",8,1,1,1,0,0,137,774
"1106",2024,33,2024-08-12,"County4",117,72,6,1,49,38,122,1585
"1107",2024,34,2024-08-19,"County4",179,73,50,27,29,25,199,848
"1108",2024,35,2024-08-26,"County4",84,37,10,1,10,7,125,1018
"1109",2024,36,2024-09-02,"County4",135,109,85,60,44,29,154,649
"1110",2024,37,2024-09-09,"County4",24,24,7,2,10,0,298,1050
"1111",2024,38,2024-09-16,"County4",16,11,10,5,9,2,81,1248
"1112",2024,39,2024-09-23,"County4",189,154,24,24,7,4,273,1034
"1113",2024,40,2024-09-30,"County4",139,71,65,10,28,9,140,983
"1114",2024,41,2024-10-07,"County4",51,28,0,0,19,4,217,818
"1115",2024,42,2024-10-14,"County4",4,3,0,0,1,1,22,1201
"1116",2024,43,2024-10-21,"County4",106,75,8,7,39,0,278,747
"1117",2024,44,2024-10-28,"County4",57,15,7,1,14,3,276,851
"1118",2024,45,2024-11-04,"County4",147,14,0,0,10,5,222,592
"1119",2024,46,2024-11-11,"County4",27,10,4,0,2,0,249,964
"1120",2024,47,2024-11-18,"County4",159,88,72,58,24,1,214,976
"1121",2024,48,2024-11-25,"County4",123,71,63,2,56,17,226,1066
"1122",2024,49,2024-12-02,"County4",161,128,77,51,16,14,265,615
"1123",2024,50,2024-12-09,"County4",40,4,2,1,0,0,286,1298
"1124",2024,51,2024-12-16,"County4",164,90,41,17,30,13,209,622
"1125",2024,52,2024-12-23,"County4",64,55,17,5,4,0,93,601
"1126",2025,1,2025-01-01,"County4",182,179,123,16,53,6,215,685
"1127",2025,2,2025-01-08,"County4",77,47,19,1,37,32,166,621
"1128",2025,3,2025-01-15,"County4",197,47,24,4,38,24,235,1449
"1129",2025,4,2025-01-22,"County4",40,4,1,1,1,1,283,714
"1130",2025,5,2025-01-29,"County4",49,22,18,18,20,11,212,1332
"1131",2025,6,2025-02-05,"County4",142,142,74,46,34,31,205,1423
"1132",2025,7,2025-02-12,"County4",198,64,32,25,36,36,217,639
"1133",2025,8,2025-02-19,"County4",143,35,35,17,10,2,191,869
"1134",2025,9,2025-02-26,"County4",140,18,9,8,0,0,220,976
"1135",2025,10,2025-03-05,"County4",20,2,0,0,0,0,84,564
"1136",2025,11,2025-03-12,"County4",115,82,24,11,77,13,121,1444
"1137",2025,12,2025-03-19,"County4",142,28,7,2,17,17,261,678
"1138",2025,13,2025-03-26,"County4",183,47,6,6,33,2,248,920
"1139",2025,14,2025-04-02,"County4",131,21,12,0,14,0,132,1442
"1140",2025,15,2025-04-09,"County4",117,30,2,0,28,22,121,1333
"1141",2025,16,2025-04-16,"County4",127,90,77,55,54,13,294,711
"1142",2025,17,2025-04-23,"County4",105,55,40,11,14,3,262,1198
"1143",2025,18,2025-04-30,"County4",122,107,55,18,60,55,277,1196
"1144",2025,19,2025-05-07,"County4",187,121,115,11,73,27,253,1109
"1145",2025,20,2025-05-14,"County4",159,156,118,26,27,2,160,780
"1146",2025,21,2025-05-21,"County4",122,50,45,40,6,4,293,1067
"1147",2025,22,2025-05-28,"County4",72,25,24,2,2,2,133,1096
"1148",2025,23,2025-06-04,"County4",183,128,84,64,111,37,253,601
"1149",2025,24,2025-06-11,"County4",137,106,38,34,37,34,259,706
"1150",2025,25,2025-06-18,"County4",89,53,14,5,44,44,245,756
"1151",2025,26,2025-06-25,"County4",33,14,4,0,13,13,123,1425
"1152",2025,27,2025-07-02,"County4",89,63,6,4,40,3,220,1299
"1153",2020,1,2020-01-01,"County5",38,14,6,4,6,4,259,1139
"1154",2020,2,2020-01-08,"County5",187,27,12,5,25,1,203,1520
"1155",2020,3,2020-01-15,"County5",40,34,31,31,22,2,145,839
"1156",2020,4,2020-01-22,"County5",89,50,8,4,37,37,275,1348
"1157",2020,5,2020-01-29,"County5",16,11,7,7,9,9,159,1247
"1158",2020,6,2020-02-05,"County5",179,173,170,128,12,9,195,746
"1159",2020,7,2020-02-12,"County5",137,38,32,5,22,8,212,585
"1160",2020,8,2020-02-19,"County5",141,21,0,0,12,4,149,1064
"1161",2020,9,2020-02-26,"County5",129,13,10,1,12,5,220,1269
"1162",2020,10,2020-03-04,"County5",141,3,3,0,2,0,215,776
"1163",2020,11,2020-03-11,"County5",163,28,9,6,19,10,253,1065
"1164",2020,12,2020-03-18,"County5",3,1,0,0,0,0,255,792
"1165",2020,13,2020-03-25,"County5",156,122,61,33,80,65,217,851
"1166",2020,14,2020-04-01,"County5",116,47,35,31,1,0,269,939
"1167",2020,15,2020-04-08,"County5",71,12,2,2,2,2,161,708
"1168",2020,16,2020-04-15,"County5",98,17,1,1,14,7,145,1062
"1169",2020,17,2020-04-22,"County5",34,20,7,1,11,7,156,1017
"1170",2020,18,2020-04-29,"County5",92,85,52,1,4,2,170,1102
"1171",2020,19,2020-05-06,"County5",42,30,23,8,6,1,191,1103
"1172",2020,20,2020-05-13,"County5",137,128,120,29,45,41,147,1252
"1173",2020,21,2020-05-20,"County5",45,27,2,1,26,25,256,724
"1174",2020,22,2020-05-27,"County5",149,27,24,10,7,4,204,895
"1175",2020,23,2020-06-03,"County5",82,7,4,4,6,0,255,514
"1176",2020,24,2020-06-10,"County5",113,84,31,19,10,9,185,1312
"1177",2020,25,2020-06-17,"County5",158,93,91,91,35,12,276,1246
"1178",2020,26,2020-06-24,"County5",174,94,63,0,41,5,215,1213
"1179",2020,27,2020-07-01,"County5",155,79,43,31,34,13,300,1586
"1180",2020,28,2020-07-08,"County5",81,60,42,17,30,30,174,720
"1181",2020,29,2020-07-15,"County5",63,16,11,4,6,1,223,1494
"1182",2020,30,2020-07-22,"County5",106,87,87,59,78,57,258,1007
"1183",2020,31,2020-07-29,"County5",174,151,102,2,40,31,202,1503
"1184",2020,32,2020-08-05,"County5",38,10,9,0,8,0,169,593
"1185",2020,33,2020-08-12,"County5",110,108,33,17,107,96,279,901
"1186",2020,34,2020-08-19,"County5",6,2,0,0,2,0,247,635
"1187",2020,35,2020-08-26,"County5",49,2,0,0,1,0,54,749
"1188",2020,36,2020-09-02,"County5",73,29,28,9,3,3,287,532
"1189",2020,37,2020-09-09,"County5",5,1,1,1,0,0,259,919
"1190",2020,38,2020-09-16,"County5",16,5,4,1,2,2,24,1338
"1191",2020,39,2020-09-23,"County5",50,31,0,0,2,2,70,1331
"1192",2020,40,2020-09-30,"County5",95,56,21,10,14,4,269,1134
"1193",2020,41,2020-10-07,"County5",23,5,5,0,5,3,184,1166
"1194",2020,42,2020-10-14,"County5",118,74,5,2,1,0,244,751
"1195",2020,43,2020-10-21,"County5",161,17,5,1,5,4,163,1188
"1196",2020,44,2020-10-28,"County5",50,43,39,10,41,35,126,736
"1197",2020,45,2020-11-04,"County5",172,78,18,17,53,10,202,586
"1198",2020,46,2020-11-11,"County5",81,59,49,25,4,3,175,1498
"1199",2020,47,2020-11-18,"County5",166,48,19,9,13,10,176,1192
"1200",2020,48,2020-11-25,"County5",2,0,0,0,0,0,206,1249
"1201",2020,49,2020-12-02,"County5",190,2,2,0,1,1,205,1438
"1202",2020,50,2020-12-09,"County5",136,22,16,5,11,6,282,664
"1203",2020,51,2020-12-16,"County5",117,18,16,1,12,5,240,760
"1204",2020,52,2020-12-23,"County5",143,120,47,2,39,8,242,721
"1205",2020,53,2020-12-30,"County5",79,20,5,1,1,1,206,688
"1206",2021,1,2021-01-01,"County5",149,56,5,2,14,14,191,979
"1207",2021,2,2021-01-08,"County5",17,9,0,0,5,1,268,958
"1208",2021,3,2021-01-15,"County5",29,27,1,0,9,4,65,577
"1209",2021,4,2021-01-22,"County5",192,170,70,64,131,81,288,1344
"1210",2021,5,2021-01-29,"County5",88,1,0,0,1,1,224,679
"1211",2021,6,2021-02-05,"County5",27,10,7,0,6,1,162,1298
"1212",2021,7,2021-02-12,"County5",44,23,20,8,19,16,90,1232
"1213",2021,8,2021-02-19,"County5",81,43,35,15,33,14,159,958
"1214",2021,9,2021-02-26,"County5",36,21,16,6,5,3,108,1298
"1215",2021,10,2021-03-05,"County5",6,4,2,0,2,2,161,854
"1216",2021,11,2021-03-12,"County5",9,2,0,0,2,2,270,776
"1217",2021,12,2021-03-19,"County5",156,95,26,16,5,1,191,1373
"1218",2021,13,2021-03-26,"County5",35,30,17,11,29,22,284,1530
"1219",2021,14,2021-04-02,"County5",7,6,2,2,1,1,198,1590
"1220",2021,15,2021-04-09,"County5",72,39,7,6,15,1,124,1568
"1221",2021,16,2021-04-16,"County5",193,137,104,92,30,11,207,759
"1222",2021,17,2021-04-23,"County5",169,2,2,2,0,0,221,593
"1223",2021,18,2021-04-30,"County5",133,128,106,96,109,6,175,1077
"1224",2021,19,2021-05-07,"County5",102,66,45,40,9,5,279,1172
"1225",2021,20,2021-05-14,"County5",80,53,10,9,33,24,177,1262
"1226",2021,21,2021-05-21,"County5",66,52,38,19,20,1,85,556
"1227",2021,22,2021-05-28,"County5",18,10,9,6,4,1,259,841
"1228",2021,23,2021-06-04,"County5",90,29,7,7,12,3,260,1237
"1229",2021,24,2021-06-11,"County5",39,18,1,1,16,15,270,750
"1230",2021,25,2021-06-18,"County5",7,3,2,1,1,0,289,1261
"1231",2021,26,2021-06-25,"County5",93,22,6,6,19,18,267,1002
"1232",2021,27,2021-07-02,"County5",113,2,2,2,2,2,164,1089
"1233",2021,28,2021-07-09,"County5",131,122,113,83,80,28,135,1279
"1234",2021,29,2021-07-16,"County5",165,43,14,1,20,12,206,1387
"1235",2021,30,2021-07-23,"County5",117,95,8,2,94,40,254,698
"1236",2021,31,2021-07-30,"County5",167,49,44,7,26,0,281,666
"1237",2021,32,2021-08-06,"County5",156,112,45,25,44,37,279,853
"1238",2021,33,2021-08-13,"County5",194,153,105,36,94,1,218,1191
"1239",2021,34,2021-08-20,"County5",185,89,66,64,63,11,186,1466
"1240",2021,35,2021-08-27,"County5",146,81,51,21,51,9,197,1163
"1241",2021,36,2021-09-03,"County5",86,52,18,16,52,20,293,808
"1242",2021,37,2021-09-10,"County5",175,54,32,9,19,12,185,1375
"1243",2021,38,2021-09-17,"County5",143,142,137,122,22,0,221,1438
"1244",2021,39,2021-09-24,"County5",115,112,109,28,75,17,262,1389
"1245",2021,40,2021-10-01,"County5",79,67,20,2,3,0,233,1233
"1246",2021,41,2021-10-08,"County5",21,8,2,1,6,5,142,535
"1247",2021,42,2021-10-15,"County5",68,3,1,1,3,1,280,1232
"1248",2021,43,2021-10-22,"County5",45,31,13,4,5,1,257,620
"1249",2021,44,2021-10-29,"County5",49,12,1,1,5,4,70,1312
"1250",2021,45,2021-11-05,"County5",39,20,2,2,7,6,245,912
"1251",2021,46,2021-11-12,"County5",125,97,76,18,79,65,126,1209
"1252",2021,47,2021-11-19,"County5",60,23,10,2,16,12,232,1191
"1253",2021,48,2021-11-26,"County5",7,5,3,0,4,0,240,1526
"1254",2021,49,2021-12-03,"County5",125,49,0,0,41,37,135,1492
"1255",2021,50,2021-12-10,"County5",170,25,4,3,6,1,221,662
"1256",2021,51,2021-12-17,"County5",187,147,4,3,4,4,299,759
"1257",2021,52,2021-12-24,"County5",185,117,103,83,13,9,261,1531
"1258",2022,1,2022-01-01,"County5",161,0,0,0,0,0,297,1543
"1259",2022,2,2022-01-08,"County5",18,14,6,4,0,0,59,690
"1260",2022,3,2022-01-15,"County5",66,47,28,4,38,35,99,909
"1261",2022,4,2022-01-22,"County5",113,12,7,3,11,8,166,1210
"1262",2022,5,2022-01-29,"County5",54,9,2,1,7,6,113,1254
"1263",2022,6,2022-02-05,"County5",130,49,39,35,5,0,243,1591
"1264",2022,7,2022-02-12,"County5",2,1,1,0,1,1,23,1425
"1265",2022,8,2022-02-19,"County5",189,164,37,28,66,23,201,1262
"1266",2022,9,2022-02-26,"County5",146,125,12,12,90,64,296,1127
"1267",2022,10,2022-03-05,"County5",92,14,1,0,4,3,244,1172
"1268",2022,11,2022-03-12,"County5",92,68,11,8,49,9,185,1230
"1269",2022,12,2022-03-19,"County5",67,53,34,31,10,1,288,1424
"1270",2022,13,2022-03-26,"County5",23,9,0,0,8,5,102,1574
"1271",2022,14,2022-04-02,"County5",28,11,0,0,8,2,122,945
"1272",2022,15,2022-04-09,"County5",109,27,16,15,0,0,195,786
"1273",2022,16,2022-04-16,"County5",100,11,6,4,8,8,274,547
"1274",2022,17,2022-04-23,"County5",195,143,95,8,76,59,223,600
"1275",2022,18,2022-04-30,"County5",141,99,94,43,21,15,291,1034
"1276",2022,19,2022-05-07,"County5",23,16,14,3,6,4,279,1128
"1277",2022,20,2022-05-14,"County5",57,3,3,1,2,1,215,1484
"1278",2022,21,2022-05-21,"County5",119,70,7,3,64,57,169,611
"1279",2022,22,2022-05-28,"County5",140,31,5,2,23,21,191,1124
"1280",2022,23,2022-06-04,"County5",83,38,4,3,24,23,205,1588
"1281",2022,24,2022-06-11,"County5",143,1,0,0,1,0,250,704
"1282",2022,25,2022-06-18,"County5",119,5,3,0,5,3,213,789
"1283",2022,26,2022-06-25,"County5",18,16,16,7,12,7,22,1443
"1284",2022,27,2022-07-02,"County5",57,28,9,8,6,5,233,804
"1285",2022,28,2022-07-09,"County5",61,53,21,9,16,11,93,961
"1286",2022,29,2022-07-16,"County5",24,5,5,0,4,0,101,1119
"1287",2022,30,2022-07-23,"County5",10,1,1,1,1,1,289,965
"1288",2022,31,2022-07-30,"County5",118,95,94,71,91,24,213,1118
"1289",2022,32,2022-08-06,"County5",191,88,46,16,27,7,203,521
"1290",2022,33,2022-08-13,"County5",88,27,13,0,5,3,98,1500
"1291",2022,34,2022-08-20,"County5",63,37,19,19,32,19,164,1165
"1292",2022,35,2022-08-27,"County5",128,126,17,2,124,121,193,993
"1293",2022,36,2022-09-03,"County5",154,106,19,7,13,13,215,525
"1294",2022,37,2022-09-10,"County5",108,11,11,6,6,3,299,951
"1295",2022,38,2022-09-17,"County5",43,18,1,1,11,7,175,1557
"1296",2022,39,2022-09-24,"County5",21,19,3,3,18,6,143,1485
"1297",2022,40,2022-10-01,"County5",12,2,0,0,1,0,195,919
"1298",2022,41,2022-10-08,"County5",190,110,103,32,39,19,253,1014
"1299",2022,42,2022-10-15,"County5",145,39,10,1,29,27,180,1452
"1300",2022,43,2022-10-22,"County5",198,34,6,6,16,14,229,950
"1301",2022,44,2022-10-29,"County5",20,9,2,2,9,9,62,656
"1302",2022,45,2022-11-05,"County5",163,1,0,0,0,0,243,1561
"1303",2022,46,2022-11-12,"County5",175,71,56,23,21,10,276,896
"1304",2022,47,2022-11-19,"County5",114,114,113,37,30,16,244,936
"1305",2022,48,2022-11-26,"County5",194,41,40,28,38,6,245,1462
"1306",2022,49,2022-12-03,"County5",96,9,0,0,3,3,137,931
"1307",2022,50,2022-12-10,"County5",20,13,11,3,3,1,259,1461
"1308",2022,51,2022-12-17,"County5",42,31,0,0,7,0,62,1448
"1309",2022,52,2022-12-24,"County5",182,149,85,63,1,1,229,655
"1310",2023,1,2023-01-01,"County5",118,72,46,12,72,71,232,1143
"1311",2023,2,2023-01-08,"County5",173,0,0,0,0,0,258,1404
"1312",2023,3,2023-01-15,"County5",175,43,4,3,24,8,221,590
"1313",2023,4,2023-01-22,"County5",183,63,42,8,51,1,204,715
"1314",2023,5,2023-01-29,"County5",189,41,32,3,35,17,197,1210
"1315",2023,6,2023-02-05,"County5",77,8,4,2,6,4,256,1414
"1316",2023,7,2023-02-12,"County5",65,46,2,1,34,30,209,638
"1317",2023,8,2023-02-19,"County5",33,25,8,3,12,5,228,582
"1318",2023,9,2023-02-26,"County5",142,122,118,17,117,0,228,1416
"1319",2023,10,2023-03-05,"County5",63,36,11,9,19,17,75,747
"1320",2023,11,2023-03-12,"County5",68,18,10,9,18,6,177,985
"1321",2023,12,2023-03-19,"County5",72,28,4,0,4,1,190,818
"1322",2023,13,2023-03-26,"County5",86,65,27,2,63,27,153,795
"1323",2023,14,2023-04-02,"County5",152,67,22,13,44,19,202,1381
"1324",2023,15,2023-04-09,"County5",105,29,17,9,17,7,224,950
"1325",2023,16,2023-04-16,"County5",167,49,1,0,10,9,245,786
"1326",2023,17,2023-04-23,"County5",155,120,24,22,67,64,280,908
"1327",2023,18,2023-04-30,"County5",96,7,0,0,1,0,130,557
"1328",2023,19,2023-05-07,"County5",85,70,7,5,23,4,196,1214
"1329",2023,20,2023-05-14,"County5",127,77,13,12,60,10,151,1035
"1330",2023,21,2023-05-21,"County5",117,116,78,37,22,0,163,1075
"1331",2023,22,2023-05-28,"County5",57,47,43,27,35,23,190,938
"1332",2023,23,2023-06-04,"County5",158,114,65,27,113,49,298,1579
"1333",2023,24,2023-06-11,"County5",45,42,21,16,13,13,193,977
"1334",2023,25,2023-06-18,"County5",141,77,3,2,17,13,231,884
"1335",2023,26,2023-06-25,"County5",112,87,45,28,56,53,260,921
"1336",2023,27,2023-07-02,"County5",79,23,21,6,4,4,139,1025
"1337",2023,28,2023-07-09,"County5",136,7,1,1,3,0,219,709
"1338",2023,29,2023-07-16,"County5",48,34,20,1,29,13,130,988
"1339",2023,30,2023-07-23,"County5",139,82,81,40,79,70,242,1225
"1340",2023,31,2023-07-30,"County5",6,1,1,0,0,0,245,1501
"1341",2023,32,2023-08-06,"County5",102,40,17,15,23,15,110,745
"1342",2023,33,2023-08-13,"County5",25,8,1,1,2,1,69,1407
"1343",2023,34,2023-08-20,"County5",163,42,10,8,13,5,233,1467
"1344",2023,35,2023-08-27,"County5",126,64,58,12,11,4,166,1563
"1345",2023,36,2023-09-03,"County5",182,107,35,12,46,29,240,558
"1346",2023,37,2023-09-10,"County5",78,27,0,0,10,6,270,1500
"1347",2023,38,2023-09-17,"County5",166,31,23,11,0,0,257,621
"1348",2023,39,2023-09-24,"County5",154,37,17,17,28,7,203,751
"1349",2023,40,2023-10-01,"County5",172,96,79,39,64,5,200,1233
"1350",2023,41,2023-10-08,"County5",141,72,25,2,15,12,255,556
"1351",2023,42,2023-10-15,"County5",74,38,4,2,32,30,266,1351
"1352",2023,43,2023-10-22,"County5",194,85,84,31,55,43,291,549
"1353",2023,44,2023-10-29,"County5",100,62,46,43,0,0,107,1000
"1354",2023,45,2023-11-05,"County5",10,0,0,0,0,0,222,783
"1355",2023,46,2023-11-12,"County5",41,1,0,0,0,0,287,1089
"1356",2023,47,2023-11-19,"County5",20,4,4,4,2,2,160,992
"1357",2023,48,2023-11-26,"County5",87,70,22,18,10,0,126,743
"1358",2023,49,2023-12-03,"County5",31,12,2,1,3,2,153,661
"1359",2023,50,2023-12-10,"County5",200,19,10,5,4,4,280,1442
"1360",2023,51,2023-12-17,"County5",115,40,16,2,39,10,147,1549
"1361",2023,52,2023-12-24,"County5",185,103,62,60,92,27,261,605
"1362",2024,1,2024-01-01,"County5",100,12,7,0,3,0,173,616
"1363",2024,2,2024-01-08,"County5",72,0,0,0,0,0,296,1563
"1364",2024,3,2024-01-15,"County5",8,0,0,0,0,0,187,747
"1365",2024,4,2024-01-22,"County5",97,68,14,12,59,58,165,1018
"1366",2024,5,2024-01-29,"County5",176,87,2,0,87,22,189,694
"1367",2024,6,2024-02-05,"County5",80,17,10,9,17,11,281,1555
"1368",2024,7,2024-02-12,"County5",136,91,28,7,1,0,283,1127
"1369",2024,8,2024-02-19,"County5",106,7,3,1,1,0,259,1560
"1370",2024,9,2024-02-26,"County5",181,117,45,32,0,0,194,1000
"1371",2024,10,2024-03-04,"County5",89,57,24,8,35,4,91,847
"1372",2024,11,2024-03-11,"County5",166,45,32,12,20,15,297,1160
"1373",2024,12,2024-03-18,"County5",193,20,17,11,12,1,297,1530
"1374",2024,13,2024-03-25,"County5",86,9,3,1,0,0,201,1000
"1375",2024,14,2024-04-01,"County5",39,34,29,22,18,2,131,1200
"1376",2024,15,2024-04-08,"County5",89,72,51,22,28,24,187,821
"1377",2024,16,2024-04-15,"County5",187,93,83,10,0,0,252,1034
"1378",2024,17,2024-04-22,"County5",187,149,97,42,95,46,198,1087
"1379",2024,18,2024-04-29,"County5",64,38,3,1,19,18,233,1479
"1380",2024,19,2024-05-06,"County5",80,78,45,44,48,12,269,1022
"1381",2024,20,2024-05-13,"County5",120,4,0,0,1,0,295,771
"1382",2024,21,2024-05-20,"County5",124,113,70,11,24,10,167,1135
"1383",2024,22,2024-05-27,"County5",25,10,9,1,5,2,202,1196
"1384",2024,23,2024-06-03,"County5",52,29,25,25,27,5,231,863
"1385",2024,24,2024-06-10,"County5",20,14,13,8,0,0,238,1507
"1386",2024,25,2024-06-17,"County5",183,46,17,4,37,10,200,1129
"1387",2024,26,2024-06-24,"County5",143,110,51,48,52,1,144,932
"1388",2024,27,2024-07-01,"County5",18,13,7,5,13,10,219,884
"1389",2024,28,2024-07-08,"County5",123,97,24,13,13,11,226,699
"1390",2024,29,2024-07-15,"County5",90,21,10,4,14,7,160,859
"1391",2024,30,2024-07-22,"County5",107,64,47,33,51,5,297,1056
"1392",2024,31,2024-07-29,"County5",164,126,106,77,48,23,232,1046
"1393",2024,32,2024-08-05,"County5",85,80,65,29,12,8,192,1043
"1394",2024,33,2024-08-12,"County5",176,26,12,6,23,13,177,1413
"1395",2024,34,2024-08-19,"County5",33,16,9,0,14,12,83,1093
"1396",2024,35,2024-08-26,"County5",90,10,5,3,8,1,125,1566
"1397",2024,36,2024-09-02,"County5",147,129,14,5,24,1,281,833
"1398",2024,37,2024-09-09,"County5",135,103,95,28,57,17,214,849
"1399",2024,38,2024-09-16,"County5",193,176,163,115,105,29,207,1475
"1400",2024,39,2024-09-23,"County5",22,9,7,6,5,5,199,1442
"1401",2024,40,2024-09-30,"County5",181,170,124,8,133,115,264,1035
"1402",2024,41,2024-10-07,"County5",57,19,16,10,12,9,159,1269
"1403",2024,42,2024-10-14,"County5",138,101,31,1,91,15,220,795
"1404",2024,43,2024-10-21,"County5",37,17,10,9,4,3,69,715
"1405",2024,44,2024-10-28,"County5",151,97,21,19,30,28,229,716
"1406",2024,45,2024-11-04,"County5",137,32,11,11,27,3,262,1335
"1407",2024,46,2024-11-11,"County5",21,10,0,0,9,7,275,894
"1408",2024,47,2024-11-18,"County5",136,44,21,13,7,2,174,1037
"1409",2024,48,2024-11-25,"County5",185,37,15,13,37,2,298,526
"1410",2024,49,2024-12-02,"County5",48,16,10,10,0,0,258,1039
"1411",2024,50,2024-12-09,"County5",96,87,79,64,6,0,285,1514
"1412",2024,51,2024-12-16,"County5",26,23,8,3,7,5,153,861
"1413",2024,52,2024-12-23,"County5",111,48,17,15,30,2,211,627
"1414",2025,1,2025-01-01,"County5",40,18,16,3,9,2,238,1458
"1415",2025,2,2025-01-08,"County5",138,135,63,10,92,79,253,1391
"1416",2025,3,2025-01-15,"County5",83,70,8,8,8,0,156,1056
"1417",2025,4,2025-01-22,"County5",49,28,18,13,2,2,69,1457
"1418",2025,5,2025-01-29,"County5",198,189,92,68,167,131,275,950
"1419",2025,6,2025-02-05,"County5",87,86,18,9,33,9,272,1401
"1420",2025,7,2025-02-12,"County5",155,107,60,37,104,33,218,762
"1421",2025,8,2025-02-19,"County5",186,76,21,21,12,12,208,526
"1422",2025,9,2025-02-26,"County5",61,28,21,9,5,0,168,1417
"1423",2025,10,2025-03-05,"County5",36,4,3,2,0,0,67,1259
"1424",2025,11,2025-03-12,"County5",79,77,66,59,39,29,262,1368
"1425",2025,12,2025-03-19,"County5",88,60,28,5,28,3,291,638
"1426",2025,13,2025-03-26,"County5",71,62,24,19,44,25,155,1561
"1427",2025,14,2025-04-02,"County5",138,116,93,76,94,16,192,629
"1428",2025,15,2025-04-09,"County5",14,4,2,0,0,0,106,618
"1429",2025,16,2025-04-16,"County5",149,5,1,0,3,1,178,1205
"1430",2025,17,2025-04-23,"County5",191,127,44,38,1,0,255,1579
"1431",2025,18,2025-04-30,"County5",104,43,29,28,39,8,178,759
"1432",2025,19,2025-05-07,"County5",48,26,11,8,9,2,68,1078
"1433",2025,20,2025-05-14,"County5",182,85,51,50,51,47,258,749
"1434",2025,21,2025-05-21,"County5",73,72,61,45,61,20,188,1162
"1435",2025,22,2025-05-28,"County5",68,11,11,10,7,7,254,805
"1436",2025,23,2025-06-04,"County5",78,51,7,7,19,15,174,1317
"1437",2025,24,2025-06-11,"County5",23,0,0,0,0,0,283,1553
"1438",2025,25,2025-06-18,"County5",128,122,43,15,90,25,130,1298
"1439",2025,26,2025-06-25,"County5",150,77,46,8,25,9,232,1577
"1440",2025,27,2025-07-02,"County5",159,0,0,0,0,0,239,1453
